model,approach,history,history_frames,frames,bags,accuracy,balanced_accuracy,macro_f1,recall_safe,recall_potentially_unsafe,recall_unsafe
qwen,appfr,H02,2,34912,25,0.7197525206232814,0.43978331970720747,0.4331153409029523,0.8435349655944951,0.4758149935271272,0.0
qwen,appfr,H04,4,34912,25,0.716974106324473,0.4109643883298288,0.40924768505992937,0.8821811489838374,0.35071201600564905,0.0
qwen,appfr,H06,6,34912,25,0.7233043079743354,0.4219386866835338,0.4203695980517663,0.8786205792926868,0.38719548075791455,0.0
qwen,appfr,H08,8,34912,25,0.720525893675527,0.41142685924958067,0.4102154950826116,0.8889822371579452,0.3452983405907967,0.0
qwen,appfr,H10,10,34912,25,0.7251374885426215,0.42556282152529756,0.4237818530174425,0.8769003040486478,0.3997881605272449,0.0
qwen,appfr,H12,12,34912,25,0.7226168652612283,0.4199614153163882,0.4185733777793115,0.8802208353336534,0.37966341061551134,0.0
qwen,appfr,H14,14,34912,25,0.7240203941338221,0.4249391620520489,0.4237692400395241,0.875500080012802,0.3993174061433447,0.0
qwen,appfr,H16,16,34912,25,0.7233043079743354,0.424087894077175,0.4229716351197761,0.8753000480076812,0.39696363422384373,0.0
qwen,appfr,H18,18,34912,25,0.7286033455545371,0.4164303760650663,0.41701905371378317,0.8983437349975996,0.35094739319759916,0.0
qwen,appfr,H20,20,34912,25,0.7287465627864345,0.4150987738909906,0.4157280504481342,0.9007041126580253,0.34459220901494647,0.0
qwen,appfr,H22,22,34912,25,0.7306943171402384,0.41626452629737454,0.4165506386308142,0.9030244839174267,0.34576909497469693,0.0
qwen,appfr,H24,24,34912,25,0.7302933088909258,0.4163108763441145,0.41672567784820386,0.902104336693871,0.3468282923384724,0.0
qwen,appfr,H26,26,34912,25,0.7323556370302475,0.41563970387472576,0.4158989853286001,0.9075052008321332,0.33941391079204425,0.0
qwen,appfr,H28,28,34912,25,0.7337018790100825,0.41719865716351495,0.41763800047680694,0.907945271243399,0.34365070024714606,0.0
qwen,appfr,H30,30,34912,25,0.731897341888176,0.4075804347125574,0.40743624416329044,0.9189870379260682,0.3037542662116041,0.0
qwen,appfr,H32,32,34912,25,0.7319259853345554,0.40883668529877965,0.4088139253813492,0.9171067370779324,0.3094033188184065,0.0
qwen,appod,H02,2,34912,25,0.6863829055912007,0.4158319295231445,0.4067638454324587,0.8099295887341975,0.437566199835236,0.0
qwen,appod,H04,4,34912,25,0.6571379468377635,0.4479971245989763,0.4161329454113132,0.6983517362778044,0.6456396375191243,0.0
qwen,appod,H06,6,34912,25,0.7029388175985335,0.45577794035841784,0.4366011976016875,0.7832453192510802,0.5840885018241733,0.0
qwen,appod,H08,8,34912,25,0.6894763978001833,0.44850040233027055,0.42762157748145796,0.7660025604096655,0.5794986465811462,0.0
qwen,appod,H10,10,34912,25,0.7049152153987168,0.45033109198056587,0.43543813351997085,0.7964474315890543,0.5531364010827351,0.0014094432699083862
qwen,appod,H12,12,34912,25,0.7048865719523373,0.45169014195769014,0.4360316317747381,0.7942870859337494,0.5593738966694127,0.0014094432699083862
qwen,appod,H14,14,34912,25,0.7102428964252979,0.44603871865856276,0.4341294386581449,0.8140502480396864,0.5233611863010474,0.0007047216349541931
qwen,appod,H16,16,34912,25,0.7049438588450962,0.4402227924235402,0.4304883417646677,0.812730036805889,0.5051194539249146,0.0028188865398167725
qwen,appod,H18,18,34912,25,0.7126489459211732,0.4390340502515098,0.43265022216562604,0.8311729876780285,0.48240555490173004,0.0035236081747709656
qwen,appod,H20,20,34912,25,0.6993297433547204,0.43169402193153544,0.42737696519033447,0.8170507281164986,0.468165234788749,0.009866102889358703
qwen,appod,H22,22,34912,25,0.7061755270394133,0.44241606875864575,0.43265256072244523,0.812249959993599,0.5114746381075673,0.0035236081747709656
qwen,appod,H24,24,34912,25,0.7105293308890925,0.4415917682111059,0.4323355523992711,0.8221315410465675,0.5005295986818877,0.0021141649048625794
qwen,appod,H26,26,34912,25,0.716916819431714,0.4517038088337393,0.44160749328411414,0.8209313490158425,0.5299517476756502,0.004228329809725159
qwen,appod,H28,28,34912,25,0.7152268560953254,0.44990745044395325,0.442409957630048,0.8228516562650025,0.5162998705425444,0.010570824524312896
qwen,appod,H30,30,34912,25,0.7222158570119157,0.44324946357626804,0.43911163870035524,0.8464154264682349,0.4762857479110274,0.007047216349541931
qwen,appod,H32,32,34912,25,0.7278299725022914,0.4531338612991671,0.448696933330138,0.8445351256200992,0.5042956337530893,0.010570824524312896
internvl,appfr,H02,2,34912,25,0.6610620989917507,0.44570692724668276,0.41720037593923825,0.710193630980957,0.6269271507590914,0.0
internvl,appfr,H04,4,34912,25,0.657166590284143,0.43418302936472664,0.41054597781794366,0.7197551608257321,0.5827939272684477,0.0
internvl,appfr,H06,6,34912,25,0.5428792392300642,0.4170708425897671,0.35905760230688083,0.5043606977116338,0.7468518300576674,0.0
internvl,appfr,H08,8,34912,25,0.5457722273143905,0.41297997111101853,0.35956120899126304,0.5168026884301489,0.7221372249029069,0.0
internvl,appfr,H10,10,34912,25,0.5014894592117324,0.4336902668304376,0.3401867271236789,0.39110257641222596,0.9099682240790867,0.0
internvl,appfr,H12,12,34912,25,0.5104262144821264,0.4109469990189603,0.34193535011655835,0.44515122419587133,0.7876897728610097,0.0
internvl,appfr,H14,14,34912,25,0.635884509624198,0.4313956452482399,0.40122436211818474,0.6790286445831333,0.6151582911615865,0.0
internvl,appfr,H16,16,34912,25,0.6349392758936755,0.43061895199218697,0.40061162499422837,0.67822851656265,0.6136283394139108,0.0
internvl,appfr,H18,18,34912,25,0.48862855178735104,0.40504533528314596,0.32939895405662506,0.4081453032485198,0.806990702600918,0.0
internvl,appfr,H20,20,34912,25,0.5197639780018332,0.41182455655577993,0.3468086863874007,0.46355416866698673,0.7719195010003531,0.0
internvl,appfr,H22,22,34912,25,0.5032939963336389,0.4167411786081921,0.33918291954860175,0.42110737718034885,0.8291161586442274,0.0
internvl,appfr,H24,24,34912,25,0.5010884509624198,0.3998671798785911,0.33499438645443963,0.4425108017282765,0.7570907379074968,0.0
internvl,appfr,H26,26,34912,25,0.5068171402383135,0.40376571355920693,0.33909359794529853,0.44891182589214274,0.7616805931505237,0.0007047216349541931
internvl,appfr,H28,28,34912,25,0.5302474793767186,0.4082379782310814,0.35094805746748153,0.4912786045767323,0.7334353301165117,0.0
internvl,appfr,H30,30,34912,25,0.5309635655362053,0.4173235588707492,0.35353880579200775,0.47875660105616896,0.7732140755560786,0.0
internvl,appfr,H32,32,34912,25,0.5416189275893676,0.41420540432285335,0.35774307794234966,0.5061209793566971,0.736495233611863,0.0
internvl,appod,H02,2,34912,25,0.5935208524289642,0.4164887856302821,0.3800076010479378,0.6124179868779005,0.6370483700129458,0.0
internvl,appod,H04,4,34912,25,0.5883650320806599,0.425688942681498,0.3814993392383743,0.5872939670347256,0.6897728610097682,0.0
internvl,appod,H06,6,34912,25,0.5028643446379468,0.40988637190227867,0.3378556916494581,0.43078892622819653,0.7988701894786395,0.0
internvl,appod,H08,8,34912,25,0.5012603116406966,0.4085843355449621,0.3372838882137504,0.4297087534005441,0.795339531599388,0.0007047216349541931
internvl,appod,H10,10,34912,25,0.5290730980751605,0.4023052585671563,0.3488395506568895,0.49795967354776766,0.7089561021537013,0.0
internvl,appod,H12,12,34912,25,0.5269248395967002,0.39736920066404063,0.3465505452466056,0.5010401664266283,0.6910674355654937,0.0
internvl,appod,H14,14,34912,25,0.6101054078826764,0.42876737646506435,0.39169362504936056,0.6285405664906385,0.6577615629045546,0.0
internvl,appod,H16,16,34912,25,0.5944660861594867,0.4247891769563617,0.3847445122424456,0.6018963034085454,0.6717665058255855,0.0007047216349541931
internvl,appod,H18,18,34912,25,0.5324816681943172,0.39977502280871785,0.3497336920578707,0.5090814530324852,0.6902436153936684,0.0
internvl,appod,H20,20,34912,25,0.535288725939505,0.40718142307143435,0.3534934356395923,0.5038806208993439,0.7169589266800047,0.0007047216349541931
internvl,appod,H22,22,34912,25,0.5528758020164987,0.40629205784533545,0.36054562296775394,0.5421667466794687,0.6767094268565376,0.0
internvl,appod,H24,24,34912,25,0.5470611824014665,0.40741727966027746,0.35843685629813243,0.5281244999199872,0.694127339060845,0.0
internvl,appod,H26,26,34912,25,0.5267529789184234,0.40854163128966153,0.3501470383786325,0.48371739478316533,0.741202777450865,0.0007047216349541931
internvl,appod,H28,28,34912,25,0.5205373510540788,0.4083034488020181,0.34765459573607965,0.47123539766362615,0.7522655054725197,0.0014094432699083862
internvl,appod,H30,30,34912,25,0.5687156278643446,0.43130926250833584,0.3772157641041048,0.5388462153944631,0.7508532423208191,0.004228329809725159
internvl,appod,H32,32,34912,25,0.5544798350137489,0.4293424671023858,0.3702657358541128,0.5117618819011042,0.7720371895963282,0.004228329809725159
llava,appfr,H02,2,34912,25,0.6113084326306141,0.42132619999946136,0.38811642166816407,0.64258281325012,0.6213957867482641,0.0
llava,appfr,H04,4,34912,25,0.6522972043996333,0.39475801672185007,0.3841700978508726,0.7703632581212994,0.4139107920442509,0.0
llava,appfr,H06,6,34912,25,0.6592002749770852,0.37821469268828256,0.37147274346107917,0.8105296847495599,0.32411439331528774,0.0
llava,appfr,H08,8,34912,25,0.6601168652612283,0.3631567767723303,0.3562738503035557,0.8357337173947832,0.25373661292220784,0.0
llava,appfr,H10,10,34912,25,0.6584269019248395,0.365166543237087,0.3584528029111291,0.8290526484237478,0.26644698128751326,0.0
llava,appfr,H12,12,34912,25,0.6474278185151238,0.3729668623328248,0.3657917836291093,0.7937269963194111,0.3251735906790632,0.0
llava,appfr,H14,14,34912,25,0.648974564619615,0.373738765681227,0.36667674368021874,0.7958073291726676,0.3254089678710133,0.0
llava,appfr,H16,16,34912,25,0.6598017873510541,0.36668704386291706,0.36048747538643416,0.8296127380380861,0.27044839355066497,0.0
llava,appfr,H18,18,34912,25,0.6626947754353804,0.3678526675758451,0.3616717459449717,0.8339334293486957,0.2696245733788396,0.0
llava,appfr,H20,20,34912,25,0.660288725939505,0.3705648099647456,0.3644941556443786,0.8246519443110898,0.287042485583147,0.0
llava,appfr,H22,22,34912,25,0.65948670944088,0.3649608157618271,0.35859549297347443,0.8316130580892943,0.26326938919618686,0.0
llava,appfr,H24,24,34912,25,0.6626374885426215,0.3608345990962493,0.3537495646249132,0.8446551448231717,0.2378486524655761,0.0
llava,appfr,H26,26,34912,25,0.6627520623281393,0.3572109837366062,0.34938939261009416,0.8504960793726997,0.22113687183711897,0.0
llava,appfr,H28,28,34912,25,0.6654159028414299,0.3581145593235681,0.3502045635056435,0.854736757881261,0.21960692008944332,0.0
llava,appfr,H30,30,34912,25,0.6677360219981668,0.35976440158086037,0.3521155283702844,0.8570971355416866,0.22219606920089444,0.0
llava,appfr,H32,32,34912,25,0.6684521081576535,0.35802626305737145,0.34989124351666856,0.8612978076492239,0.21278098152289043,0.0
llava,appod,H02,2,34912,25,0.6018274518790101,0.3744717879116278,0.36015416498750735,0.6949111857897263,0.4285041779451571,0.0
llava,appod,H04,4,34912,25,0.6392071494042163,0.37504343011778046,0.36692616465575734,0.7731236997919667,0.3520065905613746,0.0
llava,appod,H06,6,34912,25,0.6463966544454629,0.3754646029936521,0.3681925503256733,0.7876860297647623,0.33870777921619394,0.0
llava,appod,H08,8,34912,25,0.6483444087992667,0.3643047804678288,0.3578539042306405,0.8090494479116659,0.28386489349182065,0.0
llava,appod,H10,10,34912,25,0.6405533913840513,0.3787515908002108,0.3702667892840161,0.7702432389182269,0.36601153348240556,0.0
llava,appod,H12,12,34912,25,0.6346241979835013,0.370449819223047,0.3626494106980768,0.770523283725396,0.34082617394374487,0.0
llava,appod,H14,14,34912,25,0.634051329055912,0.3760610626341696,0.3672482774034107,0.7606417026724276,0.3675414852300812,0.0
llava,appod,H16,16,34912,25,0.6453368469294225,0.35762216717532286,0.35091491714639056,0.8130100816130581,0.2598564199129104,0.0
llava,appod,H18,18,34912,25,0.6387774977085243,0.3707780299102299,0.3633906361615343,0.778804608737398,0.33352948099329177,0.0
llava,appod,H20,20,34912,25,0.6398945921173236,0.354492864949169,0.34763554018537485,0.8063290126420227,0.2571495822054843,0.0
llava,appod,H22,22,34912,25,0.6354835013748854,0.3746304167208984,0.3662595366642165,0.765882541206593,0.35800870895610215,0.0
llava,appod,H24,24,34912,25,0.6342804766269478,0.3564105747877253,0.34959224704170877,0.791486637862058,0.27774508650111807,0.0
llava,appod,H26,26,34912,25,0.6358272227314391,0.35081253815015484,0.3437922189749554,0.8034085453672588,0.24902906908320585,0.0
llava,appod,H28,28,34912,25,0.6411262603116407,0.34411310054244043,0.3357806190822367,0.8249719955192831,0.20736730610803814,0.0
llava,appod,H30,30,34912,25,0.643102658111824,0.3471565610946537,0.3392203330324631,0.8244519123059689,0.21701777097799224,0.0
llava,appod,H32,32,34912,25,0.6398086617781852,0.35191524017974923,0.3448624450790849,0.8101296207393183,0.24561609979992938,0.0
