metric,model,approach,history,history_frames,bags,median_bag_value,mean_bag_value,q1_bag_value,q3_bag_value,iqr_bag_value,minimum_bag_value,maximum_bag_value,average_rank,pooled_frame_value,huron_median_bag_value,pal_median_bag_value,crowdbot_median_bag_value
macro_f1,qwen,appfr,H02,2,25,0.36583628308733496,0.3587768901859926,0.3206426825008732,0.41049993534119383,0.08985725284032064,0.1895404328889079,0.485587783500497,5.96,0.4331153409029523,0.40808533241454553,0.29509328900797877,0.2889880217274501
macro_f1,qwen,appfr,H04,4,25,0.3292130201895344,0.33737253237484555,0.31244661096473275,0.3782996957901279,0.06585308482539515,0.18434677045517356,0.48075464135927054,8.7,0.40924768505992937,0.3462092678194373,0.26746821720705627,0.31861957200356
macro_f1,qwen,appfr,H06,6,25,0.32853251923019366,0.33432473969216514,0.3194359570546356,0.367842535787321,0.04840657873268539,0.19158011034529557,0.44549464398235666,9.5,0.4203695980517663,0.32853251923019366,0.2659103567554891,0.334622564780602
macro_f1,qwen,appfr,H08,8,25,0.32567636549259826,0.33528861881386746,0.31792586304470855,0.3631284916201117,0.045202628575403137,0.196236414395475,0.45556920099735776,9.42,0.4102154950826116,0.32567636549259826,0.2717448384806513,0.3396791720372461
macro_f1,qwen,appfr,H10,10,25,0.3273313492063492,0.33322450675091003,0.32095369096744614,0.3644334504539973,0.04347975948655114,0.20167139402136325,0.4610819335217458,9.24,0.4237818530174425,0.3273313492063492,0.2804414317866756,0.35535444947209655
macro_f1,qwen,appfr,H12,12,25,0.3300452116728319,0.33639625736951184,0.32015856360032646,0.3641049912596585,0.043946427659332044,0.19833882161269578,0.4634227391407548,8.16,0.4185733777793115,0.3300452116728319,0.2849322644634629,0.35414963267135446
macro_f1,qwen,appfr,H14,14,25,0.32627118644067793,0.3279686912504029,0.31262939958592134,0.34995309078816467,0.037323691202243325,0.1914254125847501,0.43957443281569053,10.34,0.4237692400395241,0.32627118644067793,0.27183811370245764,0.3461206125214102
macro_f1,qwen,appfr,H16,16,25,0.32627118644067793,0.32827369837947346,0.3120787973043027,0.35667356903648023,0.04459477173217752,0.19493972771507853,0.44010801671534633,9.94,0.4229716351197761,0.32627118644067793,0.2753027588582703,0.3416466437543721
macro_f1,qwen,appfr,H18,18,25,0.32627118644067793,0.33443137227439834,0.3157961954695167,0.3699354317998386,0.054139236330321916,0.19777066733588475,0.43743446991982715,8.84,0.41701905371378317,0.32627118644067793,0.26541447401173124,0.3699354317998386
macro_f1,qwen,appfr,H20,20,25,0.32619775739041795,0.3331713901636562,0.3131782945736434,0.37804634285099253,0.06486804827734916,0.1995251770232931,0.43017354677625663,8.96,0.4157280504481342,0.32619775739041795,0.2691215817619193,0.37183825354136096
macro_f1,qwen,appfr,H22,22,25,0.3302526186075169,0.333758153738869,0.31427099433281813,0.36462792026673635,0.05035692593391822,0.19574276355045728,0.43017354677625663,8.02,0.4165506386308142,0.32627118644067793,0.27568782723462265,0.36462792026673635
macro_f1,qwen,appfr,H24,24,25,0.32627118644067793,0.3334520156348688,0.31427099433281813,0.364417445884003,0.050146451551184856,0.19699905468078213,0.4352742421964142,7.52,0.41672567784820386,0.32619775739041795,0.28207508848285184,0.364417445884003
macro_f1,qwen,appfr,H26,26,25,0.32738588752915687,0.3333422074184611,0.31427099433281813,0.35960179833012207,0.04533080399730394,0.18915660966309744,0.4332533050578969,7.88,0.4158989853286001,0.32627118644067793,0.2799049023289559,0.3563574304091024
macro_f1,qwen,appfr,H28,28,25,0.32627118644067793,0.3357362121040223,0.314851323407775,0.36550338684616746,0.05065206343839246,0.19257421441427638,0.4398324868573465,7.08,0.41763800047680694,0.32619775739041795,0.2795082286389912,0.36550338684616746
macro_f1,qwen,appfr,H30,30,25,0.32619775739041795,0.33420242179986764,0.31427099433281813,0.3674035573771117,0.05313256304429359,0.18413237094627413,0.4386003253927782,7.7,0.40743624416329044,0.32619775739041795,0.2734216676284681,0.3634281678773204
macro_f1,qwen,appfr,H32,32,25,0.32611669200867777,0.33177739026414804,0.31427099433281813,0.3609025914981538,0.04663159716533566,0.1863236636987072,0.4299579311084143,8.74,0.4088139253813492,0.325626204238921,0.2724137525723885,0.3609025914981538
macro_f1,qwen,appod,H02,2,25,0.3559143559143559,0.36310948767027573,0.32292389544297945,0.3936183979442811,0.07069450250130166,0.2635899938939998,0.47840700277304465,7.3,0.4067638454324587,0.375375060387495,0.3226030871108814,0.3155404656613822
macro_f1,qwen,appod,H04,4,25,0.34444339115871964,0.35072327947574855,0.3104419324739937,0.3730031315588925,0.06256119908489877,0.25041122399612964,0.5022841143530798,10.34,0.4161329454113132,0.3610502510258011,0.3730031315588925,0.2897559960459914
macro_f1,qwen,appod,H06,6,25,0.36357082273112806,0.35902436611151217,0.3247674154753801,0.39330357142857136,0.06853615595319129,0.24533003810112244,0.4390255921157209,8.56,0.4366011976016875,0.377727469775059,0.3611920127885479,0.30894234297349793
macro_f1,qwen,appod,H08,8,25,0.3577952353579869,0.35718156712180965,0.3228045817424505,0.37916698745092003,0.05636240570846951,0.2631776402175952,0.45000059872352144,9.02,0.42762157748145796,0.37604784607732533,0.3577952353579869,0.3138026041534813
macro_f1,qwen,appod,H10,10,25,0.3678583946722748,0.36378432411911604,0.3306719278847539,0.3913488480017037,0.060676920116949806,0.27443471918307805,0.45161036702678703,6.84,0.43543813351997085,0.3859146654916648,0.3375319778738766,0.3306719278847539
macro_f1,qwen,appod,H12,12,25,0.35756579242926584,0.3555918873695484,0.3238754325259516,0.38187344570323295,0.05799801317728137,0.2588522588522588,0.45398938462522276,8.7,0.4360316317747381,0.3707555709635793,0.3341286875606962,0.3173422243880399
macro_f1,qwen,appod,H14,14,25,0.35291952774426,0.35440511023604515,0.3232976653696498,0.3916344232918691,0.06833675792221927,0.2582356225572306,0.44469975409649304,8.46,0.4341294386581449,0.3731927470245227,0.296258265976902,0.32412449756182155
macro_f1,qwen,appod,H16,16,25,0.3538818292050256,0.35504299342594947,0.3229946524064171,0.38509131388625084,0.062096661479833726,0.24961323238973007,0.45034317330020635,8.26,0.4304883417646677,0.3718908922792418,0.29752723181276175,0.3175341906511533
macro_f1,qwen,appod,H18,18,25,0.33974830629523783,0.3477361649003531,0.3152142692238951,0.3742461430424529,0.05903187381855779,0.26940895837039025,0.4542642187037025,9.28,0.43265022216562604,0.3682257383202385,0.3137254901960784,0.3152142692238951
macro_f1,qwen,appod,H20,20,25,0.3515941060757896,0.3554134947399302,0.3230367364234275,0.39292859763897187,0.06989186121554436,0.2753985765678086,0.45950154398081194,8.8,0.42737696519033447,0.3823468328141226,0.2966976264189886,0.3212050525478235
macro_f1,qwen,appod,H22,22,25,0.33351912160533354,0.3448739699283716,0.32518597236981933,0.3846514682427995,0.05946549587298017,0.26206020677475045,0.44114063924476943,10.24,0.43265256072244523,0.37090987513072465,0.2998209260680481,0.3048105589038819
macro_f1,qwen,appod,H24,24,25,0.330066264396319,0.34627241012712673,0.3234591567465251,0.3699482958742218,0.0464891391276967,0.2573839662447257,0.4463732229372746,9.2,0.4323355523992711,0.3664712684930414,0.29888005471488416,0.3234591567465251
macro_f1,qwen,appod,H26,26,25,0.346171324698932,0.351277358753807,0.32397747876705796,0.37471931862175767,0.05074183985469971,0.29790659845452944,0.4374426266990175,8.82,0.44160749328411414,0.36216524216524215,0.3049128226449144,0.32591983180218476
macro_f1,qwen,appod,H28,28,25,0.33711086108559557,0.35280827415485083,0.3250484502369872,0.37512614936084326,0.05007769912385607,0.2961319055571929,0.44413821861686803,7.7,0.442409957630048,0.3664712684930414,0.2971742678003951,0.33694041740559805
macro_f1,qwen,appod,H30,30,25,0.3415234255640247,0.35908319346031,0.32599724896836313,0.38220705003677785,0.05620980106841472,0.28459088410721334,0.45319571761410504,6.4,0.43911163870035524,0.3788382845988729,0.3094170403587444,0.35356672313194054
macro_f1,qwen,appod,H32,32,25,0.34260622611511726,0.3519797766706072,0.32567636549259826,0.3699574686565507,0.04428110316395245,0.2886856859168648,0.4475550703127502,8.08,0.448696933330138,0.3509543197043197,0.31605541972290135,0.34260622611511726
macro_f1,internvl,appfr,H02,2,25,0.3388305667713474,0.3344100486798268,0.2515393876570404,0.4090172707853314,0.15747788312829097,0.178535597050544,0.4883786308276881,2.52,0.41720037593923825,0.40769166998275636,0.2515393876570404,0.23321087505716834
macro_f1,internvl,appfr,H04,4,25,0.3227418745275888,0.31958548443157103,0.23261977410059478,0.37726865891963907,0.14464888481904428,0.1775793650793651,0.5071345029239765,5.08,0.41054597781794366,0.3769075665923804,0.23261977410059478,0.21992337164750955
macro_f1,internvl,appfr,H06,6,25,0.27574550283713634,0.28780398882757835,0.22553789869774998,0.3292306994877374,0.10369280078998744,0.17936302966364212,0.4294401062100788,5.88,0.35905760230688083,0.3249397929835567,0.21157304559399134,0.22553789869774998
macro_f1,internvl,appfr,H08,8,25,0.2739420612432876,0.2836374332937096,0.21836178146526075,0.3263816224266531,0.10801984096139233,0.17488531305677532,0.4484739597196345,6.48,0.35956120899126304,0.31645513837475764,0.23563917774122367,0.2179002822442774
macro_f1,internvl,appfr,H10,10,25,0.2721359352183725,0.2623356457472152,0.19894343512433965,0.28545097731607355,0.0865075421917339,0.1263711001642036,0.42330631595045115,11.68,0.3401867271236789,0.2834385994071858,0.1907732294558573,0.21436881908086095
macro_f1,internvl,appfr,H12,12,25,0.257853459130024,0.2694828221288431,0.20481503887432498,0.3055708720099506,0.10075583313562561,0.13270983213429258,0.44133807369101485,10.26,0.34193535011655835,0.29916056375734906,0.19634852957253746,0.21436881908086095
macro_f1,internvl,appfr,H14,14,25,0.3126042411246128,0.3196696749404204,0.24746450591848634,0.3861962853060776,0.13873177938759124,0.20140687959180928,0.4726689408706952,5.32,0.40122436211818474,0.3778556354621263,0.22473051777205919,0.2320832641666213
macro_f1,internvl,appfr,H16,16,25,0.31310968355936236,0.31279949766847054,0.2244861879187241,0.376996336996337,0.1525101490776129,0.1966525265820065,0.46935128620703986,6.28,0.40061162499422837,0.3671739035375399,0.21232532970610662,0.22440246315497814
macro_f1,internvl,appfr,H18,18,25,0.2585837117186745,0.26287362921275015,0.19894343512433965,0.2973610496830311,0.09841761455869147,0.1263501632755589,0.45404560329636845,11.76,0.32939895405662506,0.2794752318438058,0.17752647925459905,0.21436881908086095
macro_f1,internvl,appfr,H20,20,25,0.26465592026953416,0.2731157288730893,0.21436881908086095,0.3148709058180393,0.10050208673717834,0.14603797405121638,0.4860111212918927,9.68,0.3468086863874007,0.299736703882776,0.2240740740740741,0.21436881908086095
macro_f1,internvl,appfr,H22,22,25,0.2679017355810213,0.26754820442498156,0.19785612811571743,0.29467418400992,0.09681805589420259,0.14402234282268558,0.4819306558363417,11.1,0.33918291954860175,0.283117460007909,0.17861760174442776,0.21436881908086095
macro_f1,internvl,appfr,H24,24,25,0.26820786612539615,0.26629643248288826,0.19876256767208045,0.3055184498771089,0.10675588220502846,0.14503170224093703,0.47779635823114086,10.98,0.33499438645443963,0.28543220223039645,0.16596834264432028,0.21436881908086095
macro_f1,internvl,appfr,H26,26,25,0.24980067593788144,0.267816811033753,0.21064446500154177,0.3027235514488504,0.09207908644730861,0.15525439847836423,0.4359281941199991,10.58,0.33909359794529853,0.30130611312523947,0.1920322212927205,0.21436881908086095
macro_f1,internvl,appfr,H28,28,25,0.2734472807402975,0.27351745011002004,0.21147335682043378,0.30744253175476527,0.09596917493433149,0.16743388266926265,0.4407140953903544,9.04,0.35094805746748153,0.30693621707637747,0.20527670527670527,0.21436881908086095
macro_f1,internvl,appfr,H30,30,25,0.27515873015873016,0.2709861229970117,0.2068480987166108,0.3095217071376012,0.10267360842099038,0.1775793650793651,0.42163408424996396,9.92,0.35353880579200775,0.30178105404177563,0.20273913512347674,0.21436881908086095
macro_f1,internvl,appfr,H32,32,25,0.27574550283713634,0.2731370986646209,0.21436881908086095,0.3140187059008197,0.09964988681995876,0.17672267660315746,0.4118999323867478,9.44,0.35774307794234966,0.31328330378260494,0.2290713050554369,0.21436881908086095
macro_f1,internvl,appod,H02,2,25,0.31473893605676556,0.3085541323081395,0.2746709152110938,0.3378330531712302,0.06316213796013637,0.20395602822740388,0.46865212082603386,5.6,0.3800076010479378,0.33269833928741827,0.2908148172722573,0.23576021337811906
macro_f1,internvl,appod,H04,4,25,0.31549096065225096,0.3020294712799199,0.23834614406696786,0.3397196971728385,0.10137355310587065,0.18209893690666737,0.4339250493096647,6.88,0.3814993392383743,0.3363230232995527,0.2736822873846716,0.22238014929976088
macro_f1,internvl,appod,H06,6,25,0.27216861517257485,0.2693804150737962,0.21992337164750955,0.31043988972791564,0.09051651808040609,0.17917917917917917,0.4378733572281959,12.44,0.3378556916494581,0.2837945789188083,0.22097614067737173,0.2133549492558708
macro_f1,internvl,appod,H08,8,25,0.2660627238981435,0.26843594723805025,0.21391903139235982,0.30629319752637324,0.09237416613401342,0.1789105447276362,0.44784053156146175,13.26,0.3372838882137504,0.2907570350752169,0.21391903139235982,0.210914719826828
macro_f1,internvl,appod,H10,10,25,0.2816914950485849,0.29503836880610845,0.2562923796235098,0.317142294755288,0.060849915131778176,0.1972258280946894,0.4679182064547918,8.48,0.3488395506568895,0.28881830669008773,0.23408748114630465,0.27028532887598605
macro_f1,internvl,appod,H12,12,25,0.27979257390295303,0.2957202142913896,0.26509406537124885,0.32694582668963873,0.061851761318389875,0.17959553227366007,0.47887166596844016,9.06,0.3465505452466056,0.2948064023744686,0.2380952380952381,0.27979257390295303
macro_f1,internvl,appod,H14,14,25,0.31586402266288954,0.3089029765178619,0.2405794015258129,0.35944912012241775,0.11886971859660486,0.1803491135932799,0.5187284393783543,6.16,0.39169362504936056,0.35426731078904994,0.26644313570995243,0.22589458840119866
macro_f1,internvl,appod,H16,16,25,0.3153664302600473,0.30282171896791993,0.22604293480053284,0.34582219129456676,0.11977925649403393,0.17817282766947196,0.4938819388810145,7.64,0.3847445122424456,0.3413437861199055,0.26852419107906383,0.2224055425967015
macro_f1,internvl,appod,H18,18,25,0.28704978270195664,0.2973575876584964,0.25257089979596636,0.32910745719981566,0.07653655740384929,0.2092905384964283,0.46996849935145724,8.12,0.3497336920578707,0.3101835192515293,0.22973796465569774,0.2618709631627511
macro_f1,internvl,appod,H20,20,25,0.2860610655074249,0.28982955475350464,0.2352528608342562,0.3178787909015039,0.0826259300672477,0.20299897147187787,0.4574983628028815,9.44,0.3534934356395923,0.3081982460802551,0.23577724358974358,0.2352528608342562
macro_f1,internvl,appod,H22,22,25,0.3003328701719757,0.3110852471890278,0.27921514848917944,0.34842794378008146,0.06921279529090202,0.21443484939377208,0.48561289448733574,5.84,0.36054562296775394,0.3220457773105369,0.22049367351171956,0.2955940478326347
macro_f1,internvl,appod,H24,24,25,0.29418026418026416,0.3071720665497945,0.27068249923881865,0.3446530804586192,0.07397058121980055,0.21632692811208817,0.5040309106098579,7.16,0.35843685629813243,0.31003742124958555,0.2203548085901027,0.2871309481478973
macro_f1,internvl,appod,H26,26,25,0.27334846273174546,0.29155306122885033,0.2518130076101554,0.3072147097771856,0.05540170216703022,0.21975609756097558,0.5624412444975005,9.38,0.3501470383786325,0.25921046210901283,0.27972656952689334,0.28133447967169817
macro_f1,internvl,appod,H28,28,25,0.2681978664556958,0.2867867300610624,0.2452825025441049,0.2959865561069515,0.0507040535628466,0.19894185054248448,0.5583123576651084,10.58,0.34765459573607965,0.25830996620754115,0.28066397487662625,0.27302360096817374
macro_f1,internvl,appod,H30,30,25,0.30146940525694527,0.31105121635959493,0.27609760582426757,0.31981436031067884,0.04371675448641127,0.2458683185928773,0.5514565949348559,6.58,0.3772157641041048,0.28260542951910966,0.3131929348932277,0.30146940525694527
macro_f1,internvl,appod,H32,32,25,0.2824465157970579,0.29216451740676336,0.251451126202836,0.30583891011225806,0.05438778390942206,0.19328531517373845,0.5624412444975005,9.38,0.3702657358541128,0.2824465157970579,0.30613079756909095,0.23808055756226024
macro_f1,llava,appfr,H02,2,25,0.3148300453788703,0.31617182269580835,0.28356703754960255,0.3398765012463177,0.056309463696715134,0.1457062493840077,0.46996849935145724,11.12,0.38811642166816407,0.32865204921824404,0.2627030491816183,0.2885097550850975
macro_f1,llava,appfr,H04,4,25,0.3300872329502307,0.33508947167930586,0.29832696390658175,0.3674582205111811,0.06913125660459934,0.23983230859019775,0.4679182064547918,8.1,0.3841700978508726,0.3370697745721582,0.28860181035240356,0.3223602923505379
macro_f1,llava,appfr,H06,6,25,0.33464061827504255,0.33403897306698427,0.30672865158624824,0.35853084113987577,0.05180218955362753,0.21616085287589426,0.4679182064547918,8.4,0.37147274346107917,0.33754728132387707,0.30744822979291914,0.31723378791561124
macro_f1,llava,appfr,H08,8,25,0.3258503401360544,0.3326526668394116,0.3153887634990162,0.35418416528935576,0.03879540179033958,0.1958230325813036,0.47887166596844016,9.26,0.3562738503035557,0.3397589758975898,0.3101276313608487,0.3180871227126833
macro_f1,llava,appfr,H10,10,25,0.3310458645173671,0.3336454551641756,0.31648403440556144,0.35061159070941733,0.03412755630385589,0.2056078099608488,0.46584107327141383,8.94,0.3584528029111291,0.33715471725697804,0.3086142322097378,0.3241896843539422
macro_f1,llava,appfr,H12,12,25,0.32563923005099477,0.3328668453088725,0.31236538554083265,0.3517988225691422,0.03943343702830954,0.2322917007515025,0.4511311086114236,9.1,0.3657917836291093,0.33336239660183326,0.3101276313608487,0.31236538554083265
macro_f1,llava,appfr,H14,14,25,0.3340818483250672,0.33365953989795666,0.31030483764082173,0.3550443708338445,0.04473953319302276,0.22879553672945185,0.441651127929509,9.04,0.36667674368021874,0.3413558887607331,0.31030483764082173,0.3146047079850231
macro_f1,llava,appfr,H16,16,25,0.33161226977934927,0.3346971724084827,0.3186676924724456,0.35555211611549636,0.03688442364305078,0.20314677386442348,0.441651127929509,8.0,0.36048747538643416,0.35373949915149977,0.3126799967086316,0.32484733276145206
macro_f1,llava,appfr,H18,18,25,0.33393538029299613,0.336093434157601,0.3159114315139032,0.3593239896431386,0.04341255812923539,0.20697095661231238,0.441651127929509,7.14,0.3616717459449717,0.3506592438663554,0.31241765480895917,0.3256246708408918
macro_f1,llava,appfr,H20,20,25,0.3345365455080643,0.3371612533847353,0.31561540278762107,0.35852909366212415,0.042913690874503085,0.2126095501257497,0.4387351778656126,6.76,0.3644941556443786,0.357285350552537,0.3105703170267362,0.32784229681330673
macro_f1,llava,appfr,H22,22,25,0.3344573631582695,0.3347786277722918,0.31470146414841915,0.356663047723957,0.041961583575537864,0.20422741911872344,0.4332233223322332,8.26,0.35859549297347443,0.351231944525302,0.311276332094176,0.3192874854181927
macro_f1,llava,appfr,H24,24,25,0.3305450336700337,0.33495052999532166,0.3133525748139146,0.3568350056949665,0.043482430881051914,0.20575205931022186,0.4380764163372859,8.42,0.3537495646249132,0.3567017363784107,0.3111000909166047,0.31987687842142826
macro_f1,llava,appfr,H26,26,25,0.32787711101506123,0.3310963937030605,0.311276332094176,0.35875810630859234,0.04748177421441635,0.20976877159492646,0.43256325632563253,9.4,0.34938939261009416,0.3538300192969209,0.311276332094176,0.31743922632290045
macro_f1,llava,appfr,H28,28,25,0.3307403209196833,0.3324534649205421,0.31171617161716175,0.3576884920634921,0.04597232044633037,0.20592546701124603,0.44434566145092463,8.26,0.3502045635056435,0.3541731895830256,0.31171617161716175,0.3210510096100465
macro_f1,llava,appfr,H30,30,25,0.33289997585995285,0.3339663665902332,0.31320351655574724,0.3580794351412806,0.04487591858553336,0.19995903529949344,0.4596235579842138,7.58,0.3521155283702844,0.34861383561556875,0.31320351655574724,0.32285136561827105
macro_f1,llava,appfr,H32,32,25,0.3265323246927605,0.33198202890478146,0.3109372871019675,0.3569025298574548,0.0459652427554873,0.19840066779883547,0.4559661441709814,8.22,0.34989124351666856,0.35390164929009965,0.3122425440764541,0.32331144657175587
macro_f1,llava,appod,H02,2,25,0.32039702196951203,0.32151128969542403,0.294354712060314,0.35549525101763907,0.061140538957325075,0.13240635675390092,0.4474638000411197,8.8,0.36015416498750735,0.32910745719981566,0.248892661546832,0.32039702196951203
macro_f1,llava,appod,H04,4,25,0.32715471051100703,0.32787389534819456,0.30618145215131626,0.3497284840633991,0.04354703191208287,0.22462744293961143,0.4529018080111877,7.68,0.36692616465575734,0.3430768738369248,0.29009103641456585,0.3074449703252949
macro_f1,llava,appod,H06,6,25,0.3275572293050742,0.3306823372203022,0.30362869198312237,0.347262833008447,0.043634141025324646,0.21820648718109328,0.46446164672765655,7.84,0.3681925503256733,0.33810436292005536,0.30362869198312237,0.29789560263200127
macro_f1,llava,appod,H08,8,25,0.33055555555555555,0.3320287160775206,0.3071780730341773,0.3532921601230672,0.046114087088889866,0.20475921972285294,0.49350227420402853,7.9,0.3578539042306405,0.33906867104646604,0.3071780730341773,0.30175258004064714
macro_f1,llava,appod,H10,10,25,0.33043522695749933,0.3315685295949195,0.3083136123136123,0.33982574888503403,0.03151213657142171,0.21147457772150835,0.4836856617647059,7.68,0.3702667892840161,0.3380272691404078,0.3042709123073035,0.3127735312671533
macro_f1,llava,appod,H12,12,25,0.32432418601675944,0.32841013696064686,0.30753819183571246,0.3415762349062866,0.03403804307057412,0.20110598741033525,0.4782199878974072,8.92,0.3626494106980768,0.33771544335359205,0.30753819183571246,0.30823150312030195
macro_f1,llava,appod,H14,14,25,0.32386658581891553,0.3281771868433841,0.305227074715998,0.3475318887469628,0.042304814030964755,0.20175272633060956,0.4574983628028815,8.22,0.3672482774034107,0.34671685908210953,0.30798732699683173,0.30329682884536363
macro_f1,llava,appod,H16,16,25,0.324726291430413,0.33050401571373045,0.310481867858917,0.3541672978685761,0.043685430009659076,0.199020820923873,0.44350502839217265,6.8,0.35091491714639056,0.3410702639618302,0.310481867858917,0.3121231860727659
macro_f1,llava,appod,H18,18,25,0.32672475270013207,0.3291414380828707,0.30656318822357936,0.3448402948402948,0.03827710661671546,0.20127284057256242,0.4401768172888016,7.18,0.3633906361615343,0.3425898973433467,0.3096838436644262,0.31629898659901007
macro_f1,llava,appod,H20,20,25,0.32779390176940576,0.32723583716233307,0.3002802491042062,0.34477475473842883,0.044494505634222636,0.20549125251986944,0.4339457567804024,8.4,0.34763554018537485,0.3381162505675522,0.30771798080934504,0.31108783183742444
macro_f1,llava,appod,H22,22,25,0.3215875845627462,0.3286125899187655,0.3065461242256822,0.34239767318800407,0.035851548962321844,0.20496639563576682,0.43102302669263376,8.22,0.3662595366642165,0.3398018856665473,0.3065461242256822,0.3157725339692779
macro_f1,llava,appod,H24,24,25,0.3166077738515901,0.325233803588957,0.3002624843791781,0.3391540589882484,0.038891574609070334,0.2056855032218967,0.43102302669263376,9.28,0.34959224704170877,0.33643200742314355,0.3071780730341773,0.3032682285885311
macro_f1,llava,appod,H26,26,25,0.3150697202900464,0.32317094750669556,0.2932484053560287,0.3406119502009913,0.04736354484496258,0.20499605793892095,0.43102302669263376,10.08,0.3437922189749554,0.3326059283506092,0.30771798080934504,0.3024954228218017
macro_f1,llava,appod,H28,28,25,0.3170532375765729,0.3213588195910624,0.28427944604415195,0.340168019960845,0.05588857391669305,0.2049334749224531,0.43102302669263376,10.44,0.3357806190822367,0.3303994823334066,0.30789758985906096,0.28871518768379173
macro_f1,llava,appod,H30,30,25,0.31759455015268967,0.3228459028385056,0.2855873982634546,0.34698944124225556,0.061402042978800975,0.20452737502132945,0.4528699103593003,9.6,0.3392203330324631,0.32907078953388963,0.30879294567839616,0.29309376226708694
macro_f1,llava,appod,H32,32,25,0.3182084652362528,0.32545046467522787,0.29590047371901124,0.3526682783952206,0.056767804676209344,0.20108930715274745,0.4537745174548671,8.96,0.3448624450790849,0.3307758665147658,0.30762810882991154,0.30496780672219265
