metric,approach,history,history_frames,unique_winner,winner_code,decision_reason
msp,appfr,H02,2,qwen,Q,Significantly better than both alternatives
msp,appfr,H04,4,qwen,Q,Significantly better than both alternatives
msp,appfr,H06,6,qwen,Q,Significantly better than both alternatives
msp,appfr,H08,8,qwen,Q,Significantly better than both alternatives
msp,appfr,H10,10,No unique winner,—,No model significantly beat both alternatives
msp,appfr,H12,12,No unique winner,—,No model significantly beat both alternatives
msp,appfr,H14,14,qwen,Q,Significantly better than both alternatives
msp,appfr,H16,16,qwen,Q,Significantly better than both alternatives
msp,appfr,H18,18,No unique winner,—,No model significantly beat both alternatives
msp,appfr,H20,20,No unique winner,—,Omnibus not significant
msp,appfr,H22,22,No unique winner,—,No model significantly beat both alternatives
msp,appfr,H24,24,No unique winner,—,No model significantly beat both alternatives
msp,appfr,H26,26,No unique winner,—,No model significantly beat both alternatives
msp,appfr,H28,28,No unique winner,—,No model significantly beat both alternatives
msp,appfr,H30,30,No unique winner,—,No model significantly beat both alternatives
msp,appfr,H32,32,No unique winner,—,No model significantly beat both alternatives
msp,appod,H02,2,qwen,Q,Significantly better than both alternatives
msp,appod,H04,4,qwen,Q,Significantly better than both alternatives
msp,appod,H06,6,qwen,Q,Significantly better than both alternatives
msp,appod,H08,8,qwen,Q,Significantly better than both alternatives
msp,appod,H10,10,qwen,Q,Significantly better than both alternatives
msp,appod,H12,12,qwen,Q,Significantly better than both alternatives
msp,appod,H14,14,qwen,Q,Significantly better than both alternatives
msp,appod,H16,16,qwen,Q,Significantly better than both alternatives
msp,appod,H18,18,qwen,Q,Significantly better than both alternatives
msp,appod,H20,20,qwen,Q,Significantly better than both alternatives
msp,appod,H22,22,qwen,Q,Significantly better than both alternatives
msp,appod,H24,24,qwen,Q,Significantly better than both alternatives
msp,appod,H26,26,No unique winner,—,Omnibus not significant
msp,appod,H28,28,No unique winner,—,Omnibus not significant
msp,appod,H30,30,No unique winner,—,Omnibus not significant
msp,appod,H32,32,No unique winner,—,No model significantly beat both alternatives
pcs,appfr,H02,2,qwen,Q,Significantly better than both alternatives
pcs,appfr,H04,4,qwen,Q,Significantly better than both alternatives
pcs,appfr,H06,6,qwen,Q,Significantly better than both alternatives
pcs,appfr,H08,8,qwen,Q,Significantly better than both alternatives
pcs,appfr,H10,10,No unique winner,—,No model significantly beat both alternatives
pcs,appfr,H12,12,qwen,Q,Significantly better than both alternatives
pcs,appfr,H14,14,qwen,Q,Significantly better than both alternatives
pcs,appfr,H16,16,qwen,Q,Significantly better than both alternatives
pcs,appfr,H18,18,No unique winner,—,No model significantly beat both alternatives
pcs,appfr,H20,20,No unique winner,—,Omnibus not significant
pcs,appfr,H22,22,No unique winner,—,No model significantly beat both alternatives
pcs,appfr,H24,24,No unique winner,—,No model significantly beat both alternatives
pcs,appfr,H26,26,No unique winner,—,No model significantly beat both alternatives
pcs,appfr,H28,28,No unique winner,—,No model significantly beat both alternatives
pcs,appfr,H30,30,No unique winner,—,No model significantly beat both alternatives
pcs,appfr,H32,32,No unique winner,—,No model significantly beat both alternatives
pcs,appod,H02,2,qwen,Q,Significantly better than both alternatives
pcs,appod,H04,4,No unique winner,—,No model significantly beat both alternatives
pcs,appod,H06,6,qwen,Q,Significantly better than both alternatives
pcs,appod,H08,8,qwen,Q,Significantly better than both alternatives
pcs,appod,H10,10,qwen,Q,Significantly better than both alternatives
pcs,appod,H12,12,qwen,Q,Significantly better than both alternatives
pcs,appod,H14,14,qwen,Q,Significantly better than both alternatives
pcs,appod,H16,16,qwen,Q,Significantly better than both alternatives
pcs,appod,H18,18,qwen,Q,Significantly better than both alternatives
pcs,appod,H20,20,qwen,Q,Significantly better than both alternatives
pcs,appod,H22,22,qwen,Q,Significantly better than both alternatives
pcs,appod,H24,24,qwen,Q,Significantly better than both alternatives
pcs,appod,H26,26,No unique winner,—,Omnibus not significant
pcs,appod,H28,28,No unique winner,—,Omnibus not significant
pcs,appod,H30,30,No unique winner,—,Omnibus not significant
pcs,appod,H32,32,No unique winner,—,No model significantly beat both alternatives
deep_gini,appfr,H02,2,qwen,Q,Significantly better than both alternatives
deep_gini,appfr,H04,4,qwen,Q,Significantly better than both alternatives
deep_gini,appfr,H06,6,qwen,Q,Significantly better than both alternatives
deep_gini,appfr,H08,8,qwen,Q,Significantly better than both alternatives
deep_gini,appfr,H10,10,No unique winner,—,No model significantly beat both alternatives
deep_gini,appfr,H12,12,qwen,Q,Significantly better than both alternatives
deep_gini,appfr,H14,14,qwen,Q,Significantly better than both alternatives
deep_gini,appfr,H16,16,qwen,Q,Significantly better than both alternatives
deep_gini,appfr,H18,18,No unique winner,—,No model significantly beat both alternatives
deep_gini,appfr,H20,20,No unique winner,—,No model significantly beat both alternatives
deep_gini,appfr,H22,22,No unique winner,—,No model significantly beat both alternatives
deep_gini,appfr,H24,24,No unique winner,—,No model significantly beat both alternatives
deep_gini,appfr,H26,26,No unique winner,—,No model significantly beat both alternatives
deep_gini,appfr,H28,28,No unique winner,—,No model significantly beat both alternatives
deep_gini,appfr,H30,30,No unique winner,—,No model significantly beat both alternatives
deep_gini,appfr,H32,32,No unique winner,—,No model significantly beat both alternatives
deep_gini,appod,H02,2,qwen,Q,Significantly better than both alternatives
deep_gini,appod,H04,4,qwen,Q,Significantly better than both alternatives
deep_gini,appod,H06,6,qwen,Q,Significantly better than both alternatives
deep_gini,appod,H08,8,qwen,Q,Significantly better than both alternatives
deep_gini,appod,H10,10,qwen,Q,Significantly better than both alternatives
deep_gini,appod,H12,12,qwen,Q,Significantly better than both alternatives
deep_gini,appod,H14,14,qwen,Q,Significantly better than both alternatives
deep_gini,appod,H16,16,qwen,Q,Significantly better than both alternatives
deep_gini,appod,H18,18,qwen,Q,Significantly better than both alternatives
deep_gini,appod,H20,20,qwen,Q,Significantly better than both alternatives
deep_gini,appod,H22,22,qwen,Q,Significantly better than both alternatives
deep_gini,appod,H24,24,qwen,Q,Significantly better than both alternatives
deep_gini,appod,H26,26,No unique winner,—,Omnibus not significant
deep_gini,appod,H28,28,No unique winner,—,Omnibus not significant
deep_gini,appod,H30,30,No unique winner,—,Omnibus not significant
deep_gini,appod,H32,32,No unique winner,—,No model significantly beat both alternatives
entropy,appfr,H02,2,qwen,Q,Significantly better than both alternatives
entropy,appfr,H04,4,qwen,Q,Significantly better than both alternatives
entropy,appfr,H06,6,qwen,Q,Significantly better than both alternatives
entropy,appfr,H08,8,No unique winner,—,No model significantly beat both alternatives
entropy,appfr,H10,10,No unique winner,—,No model significantly beat both alternatives
entropy,appfr,H12,12,No unique winner,—,No model significantly beat both alternatives
entropy,appfr,H14,14,No unique winner,—,No model significantly beat both alternatives
entropy,appfr,H16,16,No unique winner,—,No model significantly beat both alternatives
entropy,appfr,H18,18,No unique winner,—,No model significantly beat both alternatives
entropy,appfr,H20,20,No unique winner,—,No model significantly beat both alternatives
entropy,appfr,H22,22,No unique winner,—,No model significantly beat both alternatives
entropy,appfr,H24,24,No unique winner,—,No model significantly beat both alternatives
entropy,appfr,H26,26,No unique winner,—,No model significantly beat both alternatives
entropy,appfr,H28,28,No unique winner,—,No model significantly beat both alternatives
entropy,appfr,H30,30,No unique winner,—,No model significantly beat both alternatives
entropy,appfr,H32,32,No unique winner,—,No model significantly beat both alternatives
entropy,appod,H02,2,qwen,Q,Significantly better than both alternatives
entropy,appod,H04,4,qwen,Q,Significantly better than both alternatives
entropy,appod,H06,6,qwen,Q,Significantly better than both alternatives
entropy,appod,H08,8,qwen,Q,Significantly better than both alternatives
entropy,appod,H10,10,qwen,Q,Significantly better than both alternatives
entropy,appod,H12,12,qwen,Q,Significantly better than both alternatives
entropy,appod,H14,14,qwen,Q,Significantly better than both alternatives
entropy,appod,H16,16,qwen,Q,Significantly better than both alternatives
entropy,appod,H18,18,qwen,Q,Significantly better than both alternatives
entropy,appod,H20,20,qwen,Q,Significantly better than both alternatives
entropy,appod,H22,22,qwen,Q,Significantly better than both alternatives
entropy,appod,H24,24,No unique winner,—,No model significantly beat both alternatives
entropy,appod,H26,26,No unique winner,—,No model significantly beat both alternatives
entropy,appod,H28,28,No unique winner,—,Omnibus not significant
entropy,appod,H30,30,No unique winner,—,No model significantly beat both alternatives
entropy,appod,H32,32,No unique winner,—,No model significantly beat both alternatives
ece,appfr,H02,2,No unique winner,—,No model significantly beat both alternatives
ece,appfr,H04,4,No unique winner,—,No model significantly beat both alternatives
ece,appfr,H06,6,qwen,Q,Significantly better than both alternatives
ece,appfr,H08,8,qwen,Q,Significantly better than both alternatives
ece,appfr,H10,10,qwen,Q,Significantly better than both alternatives
ece,appfr,H12,12,qwen,Q,Significantly better than both alternatives
ece,appfr,H14,14,No unique winner,—,No model significantly beat both alternatives
ece,appfr,H16,16,qwen,Q,Significantly better than both alternatives
ece,appfr,H18,18,qwen,Q,Significantly better than both alternatives
ece,appfr,H20,20,qwen,Q,Significantly better than both alternatives
ece,appfr,H22,22,qwen,Q,Significantly better than both alternatives
ece,appfr,H24,24,qwen,Q,Significantly better than both alternatives
ece,appfr,H26,26,qwen,Q,Significantly better than both alternatives
ece,appfr,H28,28,qwen,Q,Significantly better than both alternatives
ece,appfr,H30,30,qwen,Q,Significantly better than both alternatives
ece,appfr,H32,32,qwen,Q,Significantly better than both alternatives
ece,appod,H02,2,No unique winner,—,No model significantly beat both alternatives
ece,appod,H04,4,No unique winner,—,No model significantly beat both alternatives
ece,appod,H06,6,No unique winner,—,No model significantly beat both alternatives
ece,appod,H08,8,No unique winner,—,No model significantly beat both alternatives
ece,appod,H10,10,No unique winner,—,No model significantly beat both alternatives
ece,appod,H12,12,No unique winner,—,No model significantly beat both alternatives
ece,appod,H14,14,No unique winner,—,No model significantly beat both alternatives
ece,appod,H16,16,No unique winner,—,No model significantly beat both alternatives
ece,appod,H18,18,No unique winner,—,No model significantly beat both alternatives
ece,appod,H20,20,No unique winner,—,No model significantly beat both alternatives
ece,appod,H22,22,No unique winner,—,No model significantly beat both alternatives
ece,appod,H24,24,No unique winner,—,No model significantly beat both alternatives
ece,appod,H26,26,No unique winner,—,No model significantly beat both alternatives
ece,appod,H28,28,No unique winner,—,No model significantly beat both alternatives
ece,appod,H30,30,No unique winner,—,No model significantly beat both alternatives
ece,appod,H32,32,No unique winner,—,No model significantly beat both alternatives
mce,appfr,H02,2,No unique winner,—,No model significantly beat both alternatives
mce,appfr,H04,4,No unique winner,—,Omnibus not significant
mce,appfr,H06,6,No unique winner,—,Omnibus not significant
mce,appfr,H08,8,No unique winner,—,Omnibus not significant
mce,appfr,H10,10,No unique winner,—,Omnibus not significant
mce,appfr,H12,12,No unique winner,—,Omnibus not significant
mce,appfr,H14,14,No unique winner,—,Omnibus not significant
mce,appfr,H16,16,No unique winner,—,Omnibus not significant
mce,appfr,H18,18,No unique winner,—,No model significantly beat both alternatives
mce,appfr,H20,20,No unique winner,—,Omnibus not significant
mce,appfr,H22,22,No unique winner,—,Omnibus not significant
mce,appfr,H24,24,No unique winner,—,No model significantly beat both alternatives
mce,appfr,H26,26,No unique winner,—,No model significantly beat both alternatives
mce,appfr,H28,28,qwen,Q,Significantly better than both alternatives
mce,appfr,H30,30,No unique winner,—,No model significantly beat both alternatives
mce,appfr,H32,32,No unique winner,—,No model significantly beat both alternatives
mce,appod,H02,2,No unique winner,—,No model significantly beat both alternatives
mce,appod,H04,4,No unique winner,—,Omnibus not significant
mce,appod,H06,6,qwen,Q,Significantly better than both alternatives
mce,appod,H08,8,qwen,Q,Significantly better than both alternatives
mce,appod,H10,10,qwen,Q,Significantly better than both alternatives
mce,appod,H12,12,No unique winner,—,Omnibus not significant
mce,appod,H14,14,qwen,Q,Significantly better than both alternatives
mce,appod,H16,16,No unique winner,—,Omnibus not significant
mce,appod,H18,18,qwen,Q,Significantly better than both alternatives
mce,appod,H20,20,qwen,Q,Significantly better than both alternatives
mce,appod,H22,22,qwen,Q,Significantly better than both alternatives
mce,appod,H24,24,qwen,Q,Significantly better than both alternatives
mce,appod,H26,26,No unique winner,—,No model significantly beat both alternatives
mce,appod,H28,28,No unique winner,—,No model significantly beat both alternatives
mce,appod,H30,30,No unique winner,—,Omnibus not significant
mce,appod,H32,32,No unique winner,—,Omnibus not significant
