case_study,bag_name,global_bag_id,event_id_within_bag,event_key,unsafe_start_frame_id,unsafe_end_frame_id,unsafe_start_s,unsafe_end_s
crowdbot,defaced_2021-04-24-11-20-18,crowdbot__defaced_2021-04-24-11-20-18,0,crowdbot__defaced_2021-04-24-11-20-18::defaced_2021-04-24-11-20-18_frame_000156,defaced_2021-04-24-11-20-18_frame_000156,defaced_2021-04-24-11-20-18_frame_000160,1619256030.010507,1619256030.2988803
crowdbot,defaced_2021-04-24-11-20-18,crowdbot__defaced_2021-04-24-11-20-18,1,crowdbot__defaced_2021-04-24-11-20-18::defaced_2021-04-24-11-20-18_frame_000472,defaced_2021-04-24-11-20-18_frame_000472,defaced_2021-04-24-11-20-18_frame_000483,1619256054.1597729,1619256054.9489992
crowdbot,defaced_2021-04-24-11-20-18,crowdbot__defaced_2021-04-24-11-20-18,2,crowdbot__defaced_2021-04-24-11-20-18::defaced_2021-04-24-11-20-18_frame_000918,defaced_2021-04-24-11-20-18_frame_000918,defaced_2021-04-24-11-20-18_frame_000931,1619256089.364324,1619256090.611847
crowdbot,defaced_2021-04-24-11-20-18,crowdbot__defaced_2021-04-24-11-20-18,3,crowdbot__defaced_2021-04-24-11-20-18::defaced_2021-04-24-11-20-18_frame_000937,defaced_2021-04-24-11-20-18_frame_000937,defaced_2021-04-24-11-20-18_frame_000938,1619256091.5413358,1619256091.5624454
crowdbot,defaced_2021-04-24-11-20-18,crowdbot__defaced_2021-04-24-11-20-18,4,crowdbot__defaced_2021-04-24-11-20-18::defaced_2021-04-24-11-20-18_frame_000997,defaced_2021-04-24-11-20-18_frame_000997,defaced_2021-04-24-11-20-18_frame_001010,1619256095.5463667,1619256096.3635666
crowdbot,defaced_2021-04-24-11-20-18,crowdbot__defaced_2021-04-24-11-20-18,5,crowdbot__defaced_2021-04-24-11-20-18::defaced_2021-04-24-11-20-18_frame_001012,defaced_2021-04-24-11-20-18_frame_001012,defaced_2021-04-24-11-20-18_frame_001034,1619256096.546523,1619256098.004042
crowdbot,defaced_2021-04-24-11-20-18,crowdbot__defaced_2021-04-24-11-20-18,6,crowdbot__defaced_2021-04-24-11-20-18::defaced_2021-04-24-11-20-18_frame_001305,defaced_2021-04-24-11-20-18_frame_001305,defaced_2021-04-24-11-20-18_frame_001306,1619256116.0393968,1619256116.1519144
crowdbot,defaced_2021-04-24-11-35-54,crowdbot__defaced_2021-04-24-11-35-54,0,crowdbot__defaced_2021-04-24-11-35-54::defaced_2021-04-24-11-35-54_frame_000535,defaced_2021-04-24-11-35-54_frame_000535,defaced_2021-04-24-11-35-54_frame_000536,1619256992.2629583,1619256992.2911048
crowdbot,defaced_2021-04-24-11-40-33,crowdbot__defaced_2021-04-24-11-40-33,0,crowdbot__defaced_2021-04-24-11-40-33::defaced_2021-04-24-11-40-33_frame_000277,defaced_2021-04-24-11-40-33_frame_000277,defaced_2021-04-24-11-40-33_frame_000284,1619257254.3442194,1619257254.815914
crowdbot,defaced_2021-04-24-11-40-33,crowdbot__defaced_2021-04-24-11-40-33,1,crowdbot__defaced_2021-04-24-11-40-33::defaced_2021-04-24-11-40-33_frame_000335,defaced_2021-04-24-11-40-33_frame_000335,defaced_2021-04-24-11-40-33_frame_000337,1619257258.7430923,1619257258.9400346
crowdbot,defaced_2021-04-24-11-40-33,crowdbot__defaced_2021-04-24-11-40-33,2,crowdbot__defaced_2021-04-24-11-40-33::defaced_2021-04-24-11-40-33_frame_000946,defaced_2021-04-24-11-40-33_frame_000946,defaced_2021-04-24-11-40-33_frame_001003,1619257304.9487047,1619257308.9931116
crowdbot,defaced_2021-04-24-11-43-54,crowdbot__defaced_2021-04-24-11-43-54,0,crowdbot__defaced_2021-04-24-11-43-54::defaced_2021-04-24-11-43-54_frame_000273,defaced_2021-04-24-11-43-54_frame_000273,defaced_2021-04-24-11-43-54_frame_000296,1619257454.4839108,1619257456.265789
crowdbot,defaced_2021-04-24-11-43-54,crowdbot__defaced_2021-04-24-11-43-54,1,crowdbot__defaced_2021-04-24-11-43-54::defaced_2021-04-24-11-43-54_frame_000469,defaced_2021-04-24-11-43-54_frame_000469,defaced_2021-04-24-11-43-54_frame_000498,1619257469.8354115,1619257472.0958793
crowdbot,defaced_2021-04-24-11-48-21,crowdbot__defaced_2021-04-24-11-48-21,0,crowdbot__defaced_2021-04-24-11-48-21::defaced_2021-04-24-11-48-21_frame_000140,defaced_2021-04-24-11-48-21_frame_000140,defaced_2021-04-24-11-48-21_frame_000140,1619257710.9986827,1619257710.9986827
crowdbot,defaced_2021-04-24-11-48-21,crowdbot__defaced_2021-04-24-11-48-21,1,crowdbot__defaced_2021-04-24-11-48-21::defaced_2021-04-24-11-48-21_frame_000359,defaced_2021-04-24-11-48-21_frame_000359,defaced_2021-04-24-11-48-21_frame_000369,1619257727.5256565,1619257728.19479
crowdbot,defaced_2021-04-24-11-48-21,crowdbot__defaced_2021-04-24-11-48-21,2,crowdbot__defaced_2021-04-24-11-48-21::defaced_2021-04-24-11-48-21_frame_001543,defaced_2021-04-24-11-48-21_frame_001543,defaced_2021-04-24-11-48-21_frame_001558,1619257818.5799668,1619257819.6715744
crowdbot,defaced_2021-04-24-11-55-30,crowdbot__defaced_2021-04-24-11-55-30,0,crowdbot__defaced_2021-04-24-11-55-30::defaced_2021-04-24-11-55-30_frame_000414,defaced_2021-04-24-11-55-30_frame_000414,defaced_2021-04-24-11-55-30_frame_000426,1619258161.0030267,1619258161.8405566
crowdbot,defaced_2021-04-24-11-55-30,crowdbot__defaced_2021-04-24-11-55-30,1,crowdbot__defaced_2021-04-24-11-55-30::defaced_2021-04-24-11-55-30_frame_001344,defaced_2021-04-24-11-55-30_frame_001344,defaced_2021-04-24-11-55-30_frame_001346,1619258229.040547,1619258229.1530662
crowdbot,defaced_2021-04-24-11-55-30,crowdbot__defaced_2021-04-24-11-55-30,2,crowdbot__defaced_2021-04-24-11-55-30::defaced_2021-04-24-11-55-30_frame_001479,defaced_2021-04-24-11-55-30_frame_001479,defaced_2021-04-24-11-55-30_frame_001483,1619258238.0427327,1619258238.2890978
huron,bww1_Feb-16-2023-bww1-intloss_00000000,huron__bww1_Feb-16-2023-bww1-intloss_00000000,0,huron__bww1_Feb-16-2023-bww1-intloss_00000000::108,108,109,10.656168,10.743546
huron,bww1_Feb-16-2023-bww1-intloss_00000001,huron__bww1_Feb-16-2023-bww1-intloss_00000001,0,huron__bww1_Feb-16-2023-bww1-intloss_00000001::1373,1373,1373,123.417964,123.417964
huron,bww1_Feb-16-2023-bww1-intloss_00000001,huron__bww1_Feb-16-2023-bww1-intloss_00000001,1,huron__bww1_Feb-16-2023-bww1-intloss_00000001::1413,1413,1414,127.211577,127.307266
huron,bww2_Feb-20-2023-bww2-intloss_00000000,huron__bww2_Feb-20-2023-bww2-intloss_00000000,0,huron__bww2_Feb-20-2023-bww2-intloss_00000000::191,191,191,20.160272,20.160272
huron,bww2_Feb-20-2023-bww2-intloss_00000001,huron__bww2_Feb-20-2023-bww2-intloss_00000001,0,huron__bww2_Feb-20-2023-bww2-intloss_00000001::321,321,321,30.12045,30.12045
huron,bww2_Feb-20-2023-bww2-intloss_00000001,huron__bww2_Feb-20-2023-bww2-intloss_00000001,1,huron__bww2_Feb-20-2023-bww2-intloss_00000001::383,383,383,35.819463,35.819463
huron,bww2_Feb-20-2023-bww2-intloss_00000002,huron__bww2_Feb-20-2023-bww2-intloss_00000002,0,huron__bww2_Feb-20-2023-bww2-intloss_00000002::289,289,292,30.057883,30.330316
huron,bww2_Feb-20-2023-bww2-intloss_00000002,huron__bww2_Feb-20-2023-bww2-intloss_00000002,1,huron__bww2_Feb-20-2023-bww2-intloss_00000002::318,318,321,32.625853,32.931381
huron,bww8_Feb-03-2023-bww8-intloss_00000000,huron__bww8_Feb-03-2023-bww8-intloss_00000000,0,huron__bww8_Feb-03-2023-bww8-intloss_00000000::103,103,109,10.133288,10.696014
huron,bww8_Feb-03-2023-bww8-intloss_00000000,huron__bww8_Feb-03-2023-bww8-intloss_00000000,1,huron__bww8_Feb-03-2023-bww8-intloss_00000000::300,300,302,30.290092,30.470755
huron,bww8_Feb-03-2023-bww8-intloss_00000000,huron__bww8_Feb-03-2023-bww8-intloss_00000000,2,huron__bww8_Feb-03-2023-bww8-intloss_00000000::477,477,479,48.257437,48.482247
huron,bww8_Feb-03-2023-bww8-intloss_00000000,huron__bww8_Feb-03-2023-bww8-intloss_00000000,3,huron__bww8_Feb-03-2023-bww8-intloss_00000000::936,936,940,93.89156,94.327979
huron,bww8_Feb-03-2023-bww8-intloss_00000000,huron__bww8_Feb-03-2023-bww8-intloss_00000000,4,huron__bww8_Feb-03-2023-bww8-intloss_00000000::1055,1055,1057,106.18962,106.361196
huron,bww8_Feb-03-2023-bww8-intloss_00000000,huron__bww8_Feb-03-2023-bww8-intloss_00000000,5,huron__bww8_Feb-03-2023-bww8-intloss_00000000::1059,1059,1063,106.573479,107.056296
huron,bww8_Feb-03-2023-bww8-intloss_00000001,huron__bww8_Feb-03-2023-bww8-intloss_00000001,0,huron__bww8_Feb-03-2023-bww8-intloss_00000001::263,263,264,27.035605,27.141632
huron,bww8_Feb-03-2023-bww8-intloss_00000001,huron__bww8_Feb-03-2023-bww8-intloss_00000001,1,huron__bww8_Feb-03-2023-bww8-intloss_00000001::362,362,362,36.752984,36.752984
huron,bww8_Feb-03-2023-bww8-intloss_00000001,huron__bww8_Feb-03-2023-bww8-intloss_00000001,2,huron__bww8_Feb-03-2023-bww8-intloss_00000001::591,591,594,58.788419,59.140465
huron,bww8_Feb-03-2023-bww8-intloss_00000001,huron__bww8_Feb-03-2023-bww8-intloss_00000001,3,huron__bww8_Feb-03-2023-bww8-intloss_00000001::621,621,623,61.645425,61.826772
huron,bww8_Feb-03-2023-bww8-intloss_00000001,huron__bww8_Feb-03-2023-bww8-intloss_00000001,4,huron__bww8_Feb-03-2023-bww8-intloss_00000001::926,926,928,94.316595,94.497402
huron,bww8_Feb-03-2023-bww8-intloss_00000002,huron__bww8_Feb-03-2023-bww8-intloss_00000002,0,huron__bww8_Feb-03-2023-bww8-intloss_00000002::439,439,443,36.70497,37.046896
huron,bww8_Feb-03-2023-bww8-intloss_00000002,huron__bww8_Feb-03-2023-bww8-intloss_00000002,1,huron__bww8_Feb-03-2023-bww8-intloss_00000002::669,669,683,60.640432,62.373055
huron,bww8_Feb-03-2023-bww8-intloss_00000002,huron__bww8_Feb-03-2023-bww8-intloss_00000002,2,huron__bww8_Feb-03-2023-bww8-intloss_00000002::688,688,696,63.020609,64.016182
huron,cory1_Feb-16-2023-cory1-intloss_00000000,huron__cory1_Feb-16-2023-cory1-intloss_00000000,0,huron__cory1_Feb-16-2023-cory1-intloss_00000000::68,68,78,5.680737,6.532033
huron,cory1_Feb-16-2023-cory1-intloss_00000000,huron__cory1_Feb-16-2023-cory1-intloss_00000000,1,huron__cory1_Feb-16-2023-cory1-intloss_00000000::98,98,105,8.194939,8.785111
huron,cory1_Feb-16-2023-cory1-intloss_00000001,huron__cory1_Feb-16-2023-cory1-intloss_00000001,0,huron__cory1_Feb-16-2023-cory1-intloss_00000001::473,473,473,39.769127,39.769127
huron,cory1_Feb-16-2023-cory1-intloss_00000001,huron__cory1_Feb-16-2023-cory1-intloss_00000001,1,huron__cory1_Feb-16-2023-cory1-intloss_00000001::510,510,515,42.834701,43.241204
huron,cory1_Feb-16-2023-cory1-intloss_00000001,huron__cory1_Feb-16-2023-cory1-intloss_00000001,2,huron__cory1_Feb-16-2023-cory1-intloss_00000001::843,843,843,70.623755,70.623755
huron,cory1_Feb-16-2023-cory1-intloss_00000001,huron__cory1_Feb-16-2023-cory1-intloss_00000001,3,huron__cory1_Feb-16-2023-cory1-intloss_00000001::1733,1733,1751,146.611453,148.099933
huron,cory1_Feb-16-2023-cory1-intloss_00000001,huron__cory1_Feb-16-2023-cory1-intloss_00000001,4,huron__cory1_Feb-16-2023-cory1-intloss_00000001::1762,1762,1764,148.995139,149.162222
huron,cory1_Feb-16-2023-cory1-intloss_00000002,huron__cory1_Feb-16-2023-cory1-intloss_00000002,0,huron__cory1_Feb-16-2023-cory1-intloss_00000002::406,406,406,33.84382,33.84382
huron,cory1_Feb-16-2023-cory1-intloss_00000002,huron__cory1_Feb-16-2023-cory1-intloss_00000002,1,huron__cory1_Feb-16-2023-cory1-intloss_00000002::1089,1089,1089,91.666821,91.666821
huron,cory1_Feb-16-2023-cory1-intloss_00000002,huron__cory1_Feb-16-2023-cory1-intloss_00000002,2,huron__cory1_Feb-16-2023-cory1-intloss_00000002::1120,1120,1122,94.393374,94.560832
huron,cory1_Feb-16-2023-cory1-intloss_00000002,huron__cory1_Feb-16-2023-cory1-intloss_00000002,3,huron__cory1_Feb-16-2023-cory1-intloss_00000002::1363,1363,1369,115.786238,116.379826
huron,soda3_Feb-21-2023-soda3-intloss_00000000,huron__soda3_Feb-21-2023-soda3-intloss_00000000,0,huron__soda3_Feb-21-2023-soda3-intloss_00000000::1076,1076,1088,93.984132,95.026734
huron,soda3_Feb-21-2023-soda3-intloss_00000000,huron__soda3_Feb-21-2023-soda3-intloss_00000000,1,huron__soda3_Feb-21-2023-soda3-intloss_00000000::1591,1591,1591,137.812382,137.812382
huron,soda3_Feb-21-2023-soda3-intloss_00000000,huron__soda3_Feb-21-2023-soda3-intloss_00000000,2,huron__soda3_Feb-21-2023-soda3-intloss_00000000::2243,2243,2245,191.261103,191.500738
huron,soda3_Feb-21-2023-soda3-intloss_00000001,huron__soda3_Feb-21-2023-soda3-intloss_00000001,0,huron__soda3_Feb-21-2023-soda3-intloss_00000001::392,392,395,36.986741,37.338287
huron,soda3_Feb-21-2023-soda3-intloss_00000001,huron__soda3_Feb-21-2023-soda3-intloss_00000001,1,huron__soda3_Feb-21-2023-soda3-intloss_00000001::401,401,403,37.97136,38.190927
huron,soda3_Feb-21-2023-soda3-intloss_00000001,huron__soda3_Feb-21-2023-soda3-intloss_00000001,2,huron__soda3_Feb-21-2023-soda3-intloss_00000001::405,405,407,38.367406,38.579696
huron,soda3_Feb-21-2023-soda3-intloss_00000001,huron__soda3_Feb-21-2023-soda3-intloss_00000001,3,huron__soda3_Feb-21-2023-soda3-intloss_00000001::409,409,415,38.784225,39.341308
huron,soda3_Feb-21-2023-soda3-intloss_00000001,huron__soda3_Feb-21-2023-soda3-intloss_00000001,4,huron__soda3_Feb-21-2023-soda3-intloss_00000001::481,481,483,46.194766,46.40057
huron,soda3_Feb-21-2023-soda3-intloss_00000001,huron__soda3_Feb-21-2023-soda3-intloss_00000001,5,huron__soda3_Feb-21-2023-soda3-intloss_00000001::488,488,490,46.984466,47.186473
huron,soda3_Feb-21-2023-soda3-intloss_00000001,huron__soda3_Feb-21-2023-soda3-intloss_00000001,6,huron__soda3_Feb-21-2023-soda3-intloss_00000001::547,547,550,53.47624,53.81352
huron,soda3_Feb-21-2023-soda3-intloss_00000001,huron__soda3_Feb-21-2023-soda3-intloss_00000001,7,huron__soda3_Feb-21-2023-soda3-intloss_00000001::581,581,583,57.731239,58.004201
huron,soda3_Feb-21-2023-soda3-intloss_00000001,huron__soda3_Feb-21-2023-soda3-intloss_00000001,8,huron__soda3_Feb-21-2023-soda3-intloss_00000001::806,806,808,81.413118,81.60453
huron,soda3_Feb-21-2023-soda3-intloss_00000001,huron__soda3_Feb-21-2023-soda3-intloss_00000001,9,huron__soda3_Feb-21-2023-soda3-intloss_00000001::863,863,866,88.393185,88.700777
huron,soda3_Feb-21-2023-soda3-intloss_00000001,huron__soda3_Feb-21-2023-soda3-intloss_00000001,10,huron__soda3_Feb-21-2023-soda3-intloss_00000001::880,880,886,90.35647,91.078271
huron,soda3_Feb-21-2023-soda3-intloss_00000001,huron__soda3_Feb-21-2023-soda3-intloss_00000001,11,huron__soda3_Feb-21-2023-soda3-intloss_00000001::1152,1152,1152,119.690799,119.690799
huron,soda3_Feb-21-2023-soda3-intloss_00000002,huron__soda3_Feb-21-2023-soda3-intloss_00000002,0,huron__soda3_Feb-21-2023-soda3-intloss_00000002::206,206,209,18.586589,18.919622
pal,rosbag2_2025_07_11-13_55_25,pal__rosbag2_2025_07_11-13_55_25,0,pal__rosbag2_2025_07_11-13_55_25::447,447,494,15.013521,16.581196
pal,rosbag2_2025_07_11-13_55_25,pal__rosbag2_2025_07_11-13_55_25,1,pal__rosbag2_2025_07_11-13_55_25::497,497,498,16.682252,16.714127
pal,rosbag2_2025_07_11-13_55_25,pal__rosbag2_2025_07_11-13_55_25,2,pal__rosbag2_2025_07_11-13_55_25::1478,1478,1525,49.40349,50.971311
pal,rosbag2_2025_07_11-13_55_25,pal__rosbag2_2025_07_11-13_55_25,3,pal__rosbag2_2025_07_11-13_55_25::1562,1562,1563,52.208054,52.240201
pal,rosbag2_2025_07_11-13_55_25,pal__rosbag2_2025_07_11-13_55_25,4,pal__rosbag2_2025_07_11-13_55_25::1570,1570,1685,52.47278,56.309149
pal,rosbag2_2025_07_11-13_55_25,pal__rosbag2_2025_07_11-13_55_25,5,pal__rosbag2_2025_07_11-13_55_25::1688,1688,1855,56.411006,61.980248
pal,rosbag2_2025_07_11-13_55_25,pal__rosbag2_2025_07_11-13_55_25,6,pal__rosbag2_2025_07_11-13_55_25::2251,2251,2314,75.190733,77.292019
pal,rosbag2_2025_07_11-13_55_25,pal__rosbag2_2025_07_11-13_55_25,7,pal__rosbag2_2025_07_11-13_55_25::2709,2709,2728,90.468053,91.100589
pal,rosbag2_2025_07_11-13_55_25,pal__rosbag2_2025_07_11-13_55_25,8,pal__rosbag2_2025_07_11-13_55_25::2775,2775,2796,92.668313,93.369377
pal,rosbag2_2025_07_11-13_55_25,pal__rosbag2_2025_07_11-13_55_25,9,pal__rosbag2_2025_07_11-13_55_25::2803,2803,2816,93.602591,94.035991
pal,rosbag2_2025_07_11-13_55_25,pal__rosbag2_2025_07_11-13_55_25,10,pal__rosbag2_2025_07_11-13_55_25::2819,2819,2820,94.136695,94.169595
pal,rosbag2_2025_07_11-13_55_25,pal__rosbag2_2025_07_11-13_55_25,11,pal__rosbag2_2025_07_11-13_55_25::2823,2823,2824,94.269631,94.302894
pal,rosbag2_2025_07_11-13_55_25,pal__rosbag2_2025_07_11-13_55_25,12,pal__rosbag2_2025_07_11-13_55_25::2945,2945,2948,98.339905,98.439135
pal,rosbag2_2025_07_11-13_55_25,pal__rosbag2_2025_07_11-13_55_25,13,pal__rosbag2_2025_07_11-13_55_25::2951,2951,2978,98.539809,99.440714
pal,rosbag2_2025_07_11-13_55_25,pal__rosbag2_2025_07_11-13_55_25,14,pal__rosbag2_2025_07_11-13_55_25::3023,3023,3232,100.941607,107.914895
pal,rosbag2_2025_07_11-13_55_25,pal__rosbag2_2025_07_11-13_55_25,15,pal__rosbag2_2025_07_11-13_55_25::3275,3275,3483,109.347361,116.286366
pal,rosbag2_2025_07_11-13_55_25,pal__rosbag2_2025_07_11-13_55_25,16,pal__rosbag2_2025_07_11-13_55_25::3489,3489,3489,116.485537,116.485537
pal,rosbag2_2025_07_11-13_55_25,pal__rosbag2_2025_07_11-13_55_25,17,pal__rosbag2_2025_07_11-13_55_25::3666,3666,3667,122.390863,122.424199
