model,approach,history,history_frames,warning_result,missed_result,too_late_result
internvl,appfr,H02,2,79/86 (91.86%; 95% CI 84.14–96.00%),7/86 (8.14%; 95% CI 4.00–15.86%),11/86 (12.79%; 95% CI 7.29–21.47%)
internvl,appfr,H04,4,74/86 (86.05%; 95% CI 77.18–91.83%),12/86 (13.95%; 95% CI 8.17–22.82%),12/86 (13.95%; 95% CI 8.17–22.82%)
internvl,appfr,H06,6,84/86 (97.67%; 95% CI 91.91–99.36%),2/86 (2.33%; 95% CI 0.64–8.09%),15/86 (17.44%; 95% CI 10.86–26.80%)
internvl,appfr,H08,8,83/86 (96.51%; 95% CI 90.24–98.81%),3/86 (3.49%; 95% CI 1.19–9.76%),14/86 (16.28%; 95% CI 9.95–25.49%)
internvl,appfr,H10,10,85/86 (98.84%; 95% CI 93.70–99.79%),1/86 (1.16%; 95% CI 0.21–6.30%),16/86 (18.60%; 95% CI 11.79–28.11%)
internvl,appfr,H12,12,85/86 (98.84%; 95% CI 93.70–99.79%),1/86 (1.16%; 95% CI 0.21–6.30%),16/86 (18.60%; 95% CI 11.79–28.11%)
internvl,appfr,H14,14,77/86 (89.53%; 95% CI 81.29–94.40%),9/86 (10.47%; 95% CI 5.60–18.71%),14/86 (16.28%; 95% CI 9.95–25.49%)
internvl,appfr,H16,16,76/86 (88.37%; 95% CI 79.90–93.56%),10/86 (11.63%; 95% CI 6.44–20.10%),13/86 (15.12%; 95% CI 9.05–24.16%)
internvl,appfr,H18,18,84/86 (97.67%; 95% CI 91.91–99.36%),2/86 (2.33%; 95% CI 0.64–8.09%),15/86 (17.44%; 95% CI 10.86–26.80%)
internvl,appfr,H20,20,84/86 (97.67%; 95% CI 91.91–99.36%),2/86 (2.33%; 95% CI 0.64–8.09%),15/86 (17.44%; 95% CI 10.86–26.80%)
internvl,appfr,H22,22,84/86 (97.67%; 95% CI 91.91–99.36%),2/86 (2.33%; 95% CI 0.64–8.09%),15/86 (17.44%; 95% CI 10.86–26.80%)
internvl,appfr,H24,24,84/86 (97.67%; 95% CI 91.91–99.36%),2/86 (2.33%; 95% CI 0.64–8.09%),16/86 (18.60%; 95% CI 11.79–28.11%)
internvl,appfr,H26,26,85/86 (98.84%; 95% CI 93.70–99.79%),1/86 (1.16%; 95% CI 0.21–6.30%),17/86 (19.77%; 95% CI 12.72–29.40%)
internvl,appfr,H28,28,85/86 (98.84%; 95% CI 93.70–99.79%),1/86 (1.16%; 95% CI 0.21–6.30%),17/86 (19.77%; 95% CI 12.72–29.40%)
internvl,appfr,H30,30,83/86 (96.51%; 95% CI 90.24–98.81%),3/86 (3.49%; 95% CI 1.19–9.76%),15/86 (17.44%; 95% CI 10.86–26.80%)
internvl,appfr,H32,32,84/86 (97.67%; 95% CI 91.91–99.36%),2/86 (2.33%; 95% CI 0.64–8.09%),16/86 (18.60%; 95% CI 11.79–28.11%)
internvl,appod,H02,2,79/86 (91.86%; 95% CI 84.14–96.00%),7/86 (8.14%; 95% CI 4.00–15.86%),11/86 (12.79%; 95% CI 7.29–21.47%)
internvl,appod,H04,4,80/86 (93.02%; 95% CI 85.60–96.76%),6/86 (6.98%; 95% CI 3.24–14.40%),12/86 (13.95%; 95% CI 8.17–22.82%)
internvl,appod,H06,6,83/86 (96.51%; 95% CI 90.24–98.81%),3/86 (3.49%; 95% CI 1.19–9.76%),14/86 (16.28%; 95% CI 9.95–25.49%)
internvl,appod,H08,8,83/86 (96.51%; 95% CI 90.24–98.81%),3/86 (3.49%; 95% CI 1.19–9.76%),15/86 (17.44%; 95% CI 10.86–26.80%)
internvl,appod,H10,10,81/86 (94.19%; 95% CI 87.10–97.49%),5/86 (5.81%; 95% CI 2.51–12.90%),12/86 (13.95%; 95% CI 8.17–22.82%)
internvl,appod,H12,12,83/86 (96.51%; 95% CI 90.24–98.81%),3/86 (3.49%; 95% CI 1.19–9.76%),15/86 (17.44%; 95% CI 10.86–26.80%)
internvl,appod,H14,14,78/86 (90.70%; 95% CI 82.70–95.21%),8/86 (9.30%; 95% CI 4.79–17.30%),12/86 (13.95%; 95% CI 8.17–22.82%)
internvl,appod,H16,16,77/86 (89.53%; 95% CI 81.29–94.40%),9/86 (10.47%; 95% CI 5.60–18.71%),11/86 (12.79%; 95% CI 7.29–21.47%)
internvl,appod,H18,18,83/86 (96.51%; 95% CI 90.24–98.81%),3/86 (3.49%; 95% CI 1.19–9.76%),15/86 (17.44%; 95% CI 10.86–26.80%)
internvl,appod,H20,20,83/86 (96.51%; 95% CI 90.24–98.81%),3/86 (3.49%; 95% CI 1.19–9.76%),15/86 (17.44%; 95% CI 10.86–26.80%)
internvl,appod,H22,22,83/86 (96.51%; 95% CI 90.24–98.81%),3/86 (3.49%; 95% CI 1.19–9.76%),15/86 (17.44%; 95% CI 10.86–26.80%)
internvl,appod,H24,24,83/86 (96.51%; 95% CI 90.24–98.81%),3/86 (3.49%; 95% CI 1.19–9.76%),15/86 (17.44%; 95% CI 10.86–26.80%)
internvl,appod,H26,26,83/86 (96.51%; 95% CI 90.24–98.81%),3/86 (3.49%; 95% CI 1.19–9.76%),15/86 (17.44%; 95% CI 10.86–26.80%)
internvl,appod,H28,28,83/86 (96.51%; 95% CI 90.24–98.81%),3/86 (3.49%; 95% CI 1.19–9.76%),15/86 (17.44%; 95% CI 10.86–26.80%)
internvl,appod,H30,30,84/86 (97.67%; 95% CI 91.91–99.36%),2/86 (2.33%; 95% CI 0.64–8.09%),16/86 (18.60%; 95% CI 11.79–28.11%)
internvl,appod,H32,32,84/86 (97.67%; 95% CI 91.91–99.36%),2/86 (2.33%; 95% CI 0.64–8.09%),16/86 (18.60%; 95% CI 11.79–28.11%)
llava,appfr,H02,2,84/86 (97.67%; 95% CI 91.91–99.36%),2/86 (2.33%; 95% CI 0.64–8.09%),16/86 (18.60%; 95% CI 11.79–28.11%)
llava,appfr,H04,4,76/86 (88.37%; 95% CI 79.90–93.56%),10/86 (11.63%; 95% CI 6.44–20.10%),11/86 (12.79%; 95% CI 7.29–21.47%)
llava,appfr,H06,6,76/86 (88.37%; 95% CI 79.90–93.56%),10/86 (11.63%; 95% CI 6.44–20.10%),12/86 (13.95%; 95% CI 8.17–22.82%)
llava,appfr,H08,8,75/86 (87.21%; 95% CI 78.53–92.71%),11/86 (12.79%; 95% CI 7.29–21.47%),13/86 (15.12%; 95% CI 9.05–24.16%)
llava,appfr,H10,10,73/86 (84.88%; 95% CI 75.84–90.95%),13/86 (15.12%; 95% CI 9.05–24.16%),12/86 (13.95%; 95% CI 8.17–22.82%)
llava,appfr,H12,12,74/86 (86.05%; 95% CI 77.18–91.83%),12/86 (13.95%; 95% CI 8.17–22.82%),12/86 (13.95%; 95% CI 8.17–22.82%)
llava,appfr,H14,14,72/86 (83.72%; 95% CI 74.51–90.05%),14/86 (16.28%; 95% CI 9.95–25.49%),11/86 (12.79%; 95% CI 7.29–21.47%)
llava,appfr,H16,16,70/86 (81.40%; 95% CI 71.89–88.21%),16/86 (18.60%; 95% CI 11.79–28.11%),9/86 (10.47%; 95% CI 5.60–18.71%)
llava,appfr,H18,18,70/86 (81.40%; 95% CI 71.89–88.21%),16/86 (18.60%; 95% CI 11.79–28.11%),9/86 (10.47%; 95% CI 5.60–18.71%)
llava,appfr,H20,20,72/86 (83.72%; 95% CI 74.51–90.05%),14/86 (16.28%; 95% CI 9.95–25.49%),9/86 (10.47%; 95% CI 5.60–18.71%)
llava,appfr,H22,22,72/86 (83.72%; 95% CI 74.51–90.05%),14/86 (16.28%; 95% CI 9.95–25.49%),9/86 (10.47%; 95% CI 5.60–18.71%)
llava,appfr,H24,24,71/86 (82.56%; 95% CI 73.20–89.14%),15/86 (17.44%; 95% CI 10.86–26.80%),9/86 (10.47%; 95% CI 5.60–18.71%)
llava,appfr,H26,26,70/86 (81.40%; 95% CI 71.89–88.21%),16/86 (18.60%; 95% CI 11.79–28.11%),9/86 (10.47%; 95% CI 5.60–18.71%)
llava,appfr,H28,28,68/86 (79.07%; 95% CI 69.32–86.33%),18/86 (20.93%; 95% CI 13.67–30.68%),8/86 (9.30%; 95% CI 4.79–17.30%)
llava,appfr,H30,30,65/86 (75.58%; 95% CI 65.54–83.44%),21/86 (24.42%; 95% CI 16.56–34.46%),8/86 (9.30%; 95% CI 4.79–17.30%)
llava,appfr,H32,32,62/86 (72.09%; 95% CI 61.83–80.47%),24/86 (27.91%; 95% CI 19.53–38.17%),8/86 (9.30%; 95% CI 4.79–17.30%)
llava,appod,H02,2,82/86 (95.35%; 95% CI 88.64–98.18%),4/86 (4.65%; 95% CI 1.82–11.36%),14/86 (16.28%; 95% CI 9.95–25.49%)
llava,appod,H04,4,74/86 (86.05%; 95% CI 77.18–91.83%),12/86 (13.95%; 95% CI 8.17–22.82%),9/86 (10.47%; 95% CI 5.60–18.71%)
llava,appod,H06,6,73/86 (84.88%; 95% CI 75.84–90.95%),13/86 (15.12%; 95% CI 9.05–24.16%),8/86 (9.30%; 95% CI 4.79–17.30%)
llava,appod,H08,8,70/86 (81.40%; 95% CI 71.89–88.21%),16/86 (18.60%; 95% CI 11.79–28.11%),8/86 (9.30%; 95% CI 4.79–17.30%)
llava,appod,H10,10,72/86 (83.72%; 95% CI 74.51–90.05%),14/86 (16.28%; 95% CI 9.95–25.49%),9/86 (10.47%; 95% CI 5.60–18.71%)
llava,appod,H12,12,70/86 (81.40%; 95% CI 71.89–88.21%),16/86 (18.60%; 95% CI 11.79–28.11%),7/86 (8.14%; 95% CI 4.00–15.86%)
llava,appod,H14,14,72/86 (83.72%; 95% CI 74.51–90.05%),14/86 (16.28%; 95% CI 9.95–25.49%),10/86 (11.63%; 95% CI 6.44–20.10%)
llava,appod,H16,16,70/86 (81.40%; 95% CI 71.89–88.21%),16/86 (18.60%; 95% CI 11.79–28.11%),10/86 (11.63%; 95% CI 6.44–20.10%)
llava,appod,H18,18,72/86 (83.72%; 95% CI 74.51–90.05%),14/86 (16.28%; 95% CI 9.95–25.49%),9/86 (10.47%; 95% CI 5.60–18.71%)
llava,appod,H20,20,72/86 (83.72%; 95% CI 74.51–90.05%),14/86 (16.28%; 95% CI 9.95–25.49%),9/86 (10.47%; 95% CI 5.60–18.71%)
llava,appod,H22,22,74/86 (86.05%; 95% CI 77.18–91.83%),12/86 (13.95%; 95% CI 8.17–22.82%),10/86 (11.63%; 95% CI 6.44–20.10%)
llava,appod,H24,24,74/86 (86.05%; 95% CI 77.18–91.83%),12/86 (13.95%; 95% CI 8.17–22.82%),11/86 (12.79%; 95% CI 7.29–21.47%)
llava,appod,H26,26,73/86 (84.88%; 95% CI 75.84–90.95%),13/86 (15.12%; 95% CI 9.05–24.16%),11/86 (12.79%; 95% CI 7.29–21.47%)
llava,appod,H28,28,71/86 (82.56%; 95% CI 73.20–89.14%),15/86 (17.44%; 95% CI 10.86–26.80%),9/86 (10.47%; 95% CI 5.60–18.71%)
llava,appod,H30,30,70/86 (81.40%; 95% CI 71.89–88.21%),16/86 (18.60%; 95% CI 11.79–28.11%),9/86 (10.47%; 95% CI 5.60–18.71%)
llava,appod,H32,32,69/86 (80.23%; 95% CI 70.60–87.28%),17/86 (19.77%; 95% CI 12.72–29.40%),8/86 (9.30%; 95% CI 4.79–17.30%)
qwen,appfr,H02,2,67/86 (77.91%; 95% CI 68.05–85.38%),19/86 (22.09%; 95% CI 14.62–31.95%),8/86 (9.30%; 95% CI 4.79–17.30%)
qwen,appfr,H04,4,53/86 (61.63%; 95% CI 51.06–71.20%),33/86 (38.37%; 95% CI 28.80–48.94%),5/86 (5.81%; 95% CI 2.51–12.90%)
qwen,appfr,H06,6,55/86 (63.95%; 95% CI 53.41–73.30%),31/86 (36.05%; 95% CI 26.70–46.59%),11/86 (12.79%; 95% CI 7.29–21.47%)
qwen,appfr,H08,8,53/86 (61.63%; 95% CI 51.06–71.20%),33/86 (38.37%; 95% CI 28.80–48.94%),8/86 (9.30%; 95% CI 4.79–17.30%)
qwen,appfr,H10,10,54/86 (62.79%; 95% CI 52.23–72.25%),32/86 (37.21%; 95% CI 27.75–47.77%),9/86 (10.47%; 95% CI 5.60–18.71%)
qwen,appfr,H12,12,55/86 (63.95%; 95% CI 53.41–73.30%),31/86 (36.05%; 95% CI 26.70–46.59%),9/86 (10.47%; 95% CI 5.60–18.71%)
qwen,appfr,H14,14,50/86 (58.14%; 95% CI 47.58–68.00%),36/86 (41.86%; 95% CI 32.00–52.42%),8/86 (9.30%; 95% CI 4.79–17.30%)
qwen,appfr,H16,16,52/86 (60.47%; 95% CI 49.90–70.14%),34/86 (39.53%; 95% CI 29.86–50.10%),10/86 (11.63%; 95% CI 6.44–20.10%)
qwen,appfr,H18,18,49/86 (56.98%; 95% CI 46.44–66.92%),37/86 (43.02%; 95% CI 33.08–53.56%),8/86 (9.30%; 95% CI 4.79–17.30%)
qwen,appfr,H20,20,48/86 (55.81%; 95% CI 45.29–65.84%),38/86 (44.19%; 95% CI 34.16–54.71%),9/86 (10.47%; 95% CI 5.60–18.71%)
qwen,appfr,H22,22,45/86 (52.33%; 95% CI 41.90–62.55%),41/86 (47.67%; 95% CI 37.45–58.10%),8/86 (9.30%; 95% CI 4.79–17.30%)
qwen,appfr,H24,24,46/86 (53.49%; 95% CI 43.02–63.65%),40/86 (46.51%; 95% CI 36.35–56.98%),9/86 (10.47%; 95% CI 5.60–18.71%)
qwen,appfr,H26,26,46/86 (53.49%; 95% CI 43.02–63.65%),40/86 (46.51%; 95% CI 36.35–56.98%),7/86 (8.14%; 95% CI 4.00–15.86%)
qwen,appfr,H28,28,44/86 (51.16%; 95% CI 40.78–61.45%),42/86 (48.84%; 95% CI 38.55–59.22%),6/86 (6.98%; 95% CI 3.24–14.40%)
qwen,appfr,H30,30,44/86 (51.16%; 95% CI 40.78–61.45%),42/86 (48.84%; 95% CI 38.55–59.22%),7/86 (8.14%; 95% CI 4.00–15.86%)
qwen,appfr,H32,32,39/86 (45.35%; 95% CI 35.25–55.84%),47/86 (54.65%; 95% CI 44.16–64.75%),6/86 (6.98%; 95% CI 3.24–14.40%)
qwen,appod,H02,2,80/86 (93.02%; 95% CI 85.60–96.76%),6/86 (6.98%; 95% CI 3.24–14.40%),12/86 (13.95%; 95% CI 8.17–22.82%)
qwen,appod,H04,4,81/86 (94.19%; 95% CI 87.10–97.49%),5/86 (5.81%; 95% CI 2.51–12.90%),14/86 (16.28%; 95% CI 9.95–25.49%)
qwen,appod,H06,6,78/86 (90.70%; 95% CI 82.70–95.21%),8/86 (9.30%; 95% CI 4.79–17.30%),12/86 (13.95%; 95% CI 8.17–22.82%)
qwen,appod,H08,8,79/86 (91.86%; 95% CI 84.14–96.00%),7/86 (8.14%; 95% CI 4.00–15.86%),13/86 (15.12%; 95% CI 9.05–24.16%)
qwen,appod,H10,10,77/86 (89.53%; 95% CI 81.29–94.40%),9/86 (10.47%; 95% CI 5.60–18.71%),11/86 (12.79%; 95% CI 7.29–21.47%)
qwen,appod,H12,12,73/86 (84.88%; 95% CI 75.84–90.95%),13/86 (15.12%; 95% CI 9.05–24.16%),9/86 (10.47%; 95% CI 5.60–18.71%)
qwen,appod,H14,14,71/86 (82.56%; 95% CI 73.20–89.14%),15/86 (17.44%; 95% CI 10.86–26.80%),10/86 (11.63%; 95% CI 6.44–20.10%)
qwen,appod,H16,16,72/86 (83.72%; 95% CI 74.51–90.05%),14/86 (16.28%; 95% CI 9.95–25.49%),14/86 (16.28%; 95% CI 9.95–25.49%)
qwen,appod,H18,18,66/86 (76.74%; 95% CI 66.79–84.41%),20/86 (23.26%; 95% CI 15.59–33.21%),11/86 (12.79%; 95% CI 7.29–21.47%)
qwen,appod,H20,20,68/86 (79.07%; 95% CI 69.32–86.33%),18/86 (20.93%; 95% CI 13.67–30.68%),10/86 (11.63%; 95% CI 6.44–20.10%)
qwen,appod,H22,22,66/86 (76.74%; 95% CI 66.79–84.41%),20/86 (23.26%; 95% CI 15.59–33.21%),11/86 (12.79%; 95% CI 7.29–21.47%)
qwen,appod,H24,24,64/86 (74.42%; 95% CI 64.29–82.46%),22/86 (25.58%; 95% CI 17.54–35.71%),8/86 (9.30%; 95% CI 4.79–17.30%)
qwen,appod,H26,26,69/86 (80.23%; 95% CI 70.60–87.28%),17/86 (19.77%; 95% CI 12.72–29.40%),10/86 (11.63%; 95% CI 6.44–20.10%)
qwen,appod,H28,28,68/86 (79.07%; 95% CI 69.32–86.33%),18/86 (20.93%; 95% CI 13.67–30.68%),9/86 (10.47%; 95% CI 5.60–18.71%)
qwen,appod,H30,30,69/86 (80.23%; 95% CI 70.60–87.28%),17/86 (19.77%; 95% CI 12.72–29.40%),11/86 (12.79%; 95% CI 7.29–21.47%)
qwen,appod,H32,32,66/86 (76.74%; 95% CI 66.79–84.41%),20/86 (23.26%; 95% CI 15.59–33.21%),10/86 (11.63%; 95% CI 6.44–20.10%)
