model,approach,allowed_interval_s,history,history_frames,actionable,actionable_rate,actionable_result,missed,too_late,too_early
internvl,appfr,1,H02,2,9,0.10465116279069768,9/86 (10.47%; 95% CI 5.60–18.71%),7,11,59
internvl,appfr,2,H02,2,11,0.12790697674418605,11/86 (12.79%; 95% CI 7.29–21.47%),7,11,57
internvl,appfr,2,H32,32,11,0.12790697674418605,11/86 (12.79%; 95% CI 7.29–21.47%),2,16,57
internvl,appfr,3,H02,2,14,0.16279069767441862,14/86 (16.28%; 95% CI 9.95–25.49%),7,11,54
internvl,appfr,3,H06,6,14,0.16279069767441862,14/86 (16.28%; 95% CI 9.95–25.49%),2,15,55
internvl,appfr,3,H08,8,14,0.16279069767441862,14/86 (16.28%; 95% CI 9.95–25.49%),3,14,55
internvl,appfr,3,H10,10,14,0.16279069767441862,14/86 (16.28%; 95% CI 9.95–25.49%),1,16,55
internvl,appfr,3,H12,12,14,0.16279069767441862,14/86 (16.28%; 95% CI 9.95–25.49%),1,16,55
internvl,appfr,3,H18,18,14,0.16279069767441862,14/86 (16.28%; 95% CI 9.95–25.49%),2,15,55
internvl,appfr,3,H20,20,14,0.16279069767441862,14/86 (16.28%; 95% CI 9.95–25.49%),2,15,55
internvl,appfr,3,H22,22,14,0.16279069767441862,14/86 (16.28%; 95% CI 9.95–25.49%),2,15,55
internvl,appfr,4,H02,2,16,0.18604651162790697,16/86 (18.60%; 95% CI 11.79–28.11%),7,11,52
internvl,appfr,4,H06,6,16,0.18604651162790697,16/86 (18.60%; 95% CI 11.79–28.11%),2,15,53
internvl,appfr,4,H08,8,16,0.18604651162790697,16/86 (18.60%; 95% CI 11.79–28.11%),3,14,53
internvl,appfr,4,H10,10,16,0.18604651162790697,16/86 (18.60%; 95% CI 11.79–28.11%),1,16,53
internvl,appfr,4,H12,12,16,0.18604651162790697,16/86 (18.60%; 95% CI 11.79–28.11%),1,16,53
internvl,appfr,4,H18,18,16,0.18604651162790697,16/86 (18.60%; 95% CI 11.79–28.11%),2,15,53
internvl,appfr,4,H20,20,16,0.18604651162790697,16/86 (18.60%; 95% CI 11.79–28.11%),2,15,53
internvl,appfr,4,H22,22,16,0.18604651162790697,16/86 (18.60%; 95% CI 11.79–28.11%),2,15,53
internvl,appfr,5,H02,2,19,0.22093023255813954,19/86 (22.09%; 95% CI 14.62–31.95%),7,11,49
internvl,appod,1,H14,14,7,0.08139534883720931,7/86 (8.14%; 95% CI 4.00–15.86%),8,12,59
internvl,appod,1,H22,22,7,0.08139534883720931,7/86 (8.14%; 95% CI 4.00–15.86%),3,15,61
internvl,appod,1,H24,24,7,0.08139534883720931,7/86 (8.14%; 95% CI 4.00–15.86%),3,15,61
internvl,appod,2,H06,6,10,0.11627906976744186,10/86 (11.63%; 95% CI 6.44–20.10%),3,14,59
internvl,appod,2,H10,10,10,0.11627906976744186,10/86 (11.63%; 95% CI 6.44–20.10%),5,12,59
internvl,appod,2,H12,12,10,0.11627906976744186,10/86 (11.63%; 95% CI 6.44–20.10%),3,15,58
internvl,appod,2,H20,20,10,0.11627906976744186,10/86 (11.63%; 95% CI 6.44–20.10%),3,15,58
internvl,appod,2,H22,22,10,0.11627906976744186,10/86 (11.63%; 95% CI 6.44–20.10%),3,15,58
internvl,appod,2,H24,24,10,0.11627906976744186,10/86 (11.63%; 95% CI 6.44–20.10%),3,15,58
internvl,appod,3,H02,2,14,0.16279069767441862,14/86 (16.28%; 95% CI 9.95–25.49%),7,11,54
internvl,appod,3,H06,6,14,0.16279069767441862,14/86 (16.28%; 95% CI 9.95–25.49%),3,14,55
internvl,appod,3,H10,10,14,0.16279069767441862,14/86 (16.28%; 95% CI 9.95–25.49%),5,12,55
internvl,appod,3,H18,18,14,0.16279069767441862,14/86 (16.28%; 95% CI 9.95–25.49%),3,15,54
internvl,appod,3,H22,22,14,0.16279069767441862,14/86 (16.28%; 95% CI 9.95–25.49%),3,15,54
internvl,appod,4,H06,6,16,0.18604651162790697,16/86 (18.60%; 95% CI 11.79–28.11%),3,14,53
internvl,appod,4,H10,10,16,0.18604651162790697,16/86 (18.60%; 95% CI 11.79–28.11%),5,12,53
internvl,appod,5,H04,4,18,0.20930232558139536,18/86 (20.93%; 95% CI 13.67–30.68%),6,12,50
internvl,appod,5,H06,6,18,0.20930232558139536,18/86 (20.93%; 95% CI 13.67–30.68%),3,14,51
internvl,appod,5,H10,10,18,0.20930232558139536,18/86 (20.93%; 95% CI 13.67–30.68%),5,12,51
llava,appfr,1,H02,2,5,0.05813953488372093,5/86 (5.81%; 95% CI 2.51–12.90%),2,16,63
llava,appfr,2,H02,2,8,0.09302325581395349,8/86 (9.30%; 95% CI 4.79–17.30%),2,16,60
llava,appfr,3,H02,2,12,0.13953488372093023,12/86 (13.95%; 95% CI 8.17–22.82%),2,16,56
llava,appfr,4,H02,2,15,0.1744186046511628,15/86 (17.44%; 95% CI 10.86–26.80%),2,16,53
llava,appfr,5,H02,2,16,0.18604651162790697,16/86 (18.60%; 95% CI 11.79–28.11%),2,16,52
llava,appod,1,H02,2,5,0.05813953488372093,5/86 (5.81%; 95% CI 2.51–12.90%),4,14,63
llava,appod,2,H06,6,9,0.10465116279069768,9/86 (10.47%; 95% CI 5.60–18.71%),13,8,56
llava,appod,3,H02,2,14,0.16279069767441862,14/86 (16.28%; 95% CI 9.95–25.49%),4,14,54
llava,appod,4,H02,2,16,0.18604651162790697,16/86 (18.60%; 95% CI 11.79–28.11%),4,14,52
llava,appod,5,H02,2,17,0.19767441860465115,17/86 (19.77%; 95% CI 12.72–29.40%),4,14,51
qwen,appfr,1,H02,2,5,0.05813953488372093,5/86 (5.81%; 95% CI 2.51–12.90%),19,8,54
qwen,appfr,2,H02,2,8,0.09302325581395349,8/86 (9.30%; 95% CI 4.79–17.30%),19,8,51
qwen,appfr,3,H02,2,11,0.12790697674418605,11/86 (12.79%; 95% CI 7.29–21.47%),19,8,48
qwen,appfr,4,H02,2,13,0.1511627906976744,13/86 (15.12%; 95% CI 9.05–24.16%),19,8,46
qwen,appfr,5,H02,2,15,0.1744186046511628,15/86 (17.44%; 95% CI 10.86–26.80%),19,8,44
qwen,appod,1,H08,8,8,0.09302325581395349,8/86 (9.30%; 95% CI 4.79–17.30%),7,13,58
qwen,appod,2,H02,2,11,0.12790697674418605,11/86 (12.79%; 95% CI 7.29–21.47%),6,12,57
qwen,appod,2,H04,4,11,0.12790697674418605,11/86 (12.79%; 95% CI 7.29–21.47%),5,14,56
qwen,appod,2,H10,10,11,0.12790697674418605,11/86 (12.79%; 95% CI 7.29–21.47%),9,11,55
qwen,appod,3,H02,2,15,0.1744186046511628,15/86 (17.44%; 95% CI 10.86–26.80%),6,12,53
qwen,appod,4,H02,2,16,0.18604651162790697,16/86 (18.60%; 95% CI 11.79–28.11%),6,12,52
qwen,appod,5,H02,2,17,0.19767441860465115,17/86 (19.77%; 95% CI 12.72–29.40%),6,12,51
qwen,appod,5,H10,10,17,0.19767441860465115,17/86 (19.77%; 95% CI 12.72–29.40%),9,11,49
