model,approach,history,history_frames,case_study,frames,accuracy,macro_precision,macro_recall,macro_f1,balanced_accuracy
qwen,appfr,H02,2,crowdbot,8801,0.5127826383365527,0.3464058707847888,0.3484898929845422,0.31780810532378795,0.3484898929845422
qwen,appfr,H02,2,huron,16862,0.9010793500177915,0.45101287341932345,0.4187574564154766,0.43037329822665976,0.4187574564154766
qwen,appfr,H02,2,pal,9249,0.586117418099254,0.31826005692196596,0.33604972430531804,0.27498865792295635,0.33604972430531804
qwen,appfr,H04,4,crowdbot,8801,0.4918759231905465,0.326694518116554,0.3359466243889549,0.3267691616511695,0.3359466243889549
qwen,appfr,H04,4,huron,16862,0.9041632072114815,0.44832339953548384,0.37455763577332163,0.3862457161146367,0.37455763577332163
qwen,appfr,H04,4,pal,9249,0.5899016109849714,0.3076273263008294,0.3331263654329268,0.2599958377756597,0.3331263654329268
qwen,appfr,H06,6,crowdbot,8801,0.5086921940688558,0.3384092522018594,0.34683313515655967,0.3322083121111637,0.34683313515655967
qwen,appfr,H06,6,huron,16862,0.9051120863480014,0.45177703800423213,0.3705054066624429,0.38112387173638296,0.3705054066624429
qwen,appfr,H06,6,pal,9249,0.5960644393988539,0.3601216851820849,0.3371693623979357,0.2639732167905035,0.3371693623979357
qwen,appfr,H08,8,crowdbot,8801,0.506306101579366,0.33677836789672355,0.3462253930506011,0.3392108195949439,0.3462253930506011
qwen,appfr,H08,8,huron,16862,0.9042818171035464,0.44492827179295064,0.3715202853304498,0.3820531024753393,0.3715202853304498
qwen,appfr,H08,8,pal,9249,0.5893610120012974,0.3247071057866296,0.3357029816249068,0.26934521924374694,0.3357029816249068
qwen,appfr,H10,10,crowdbot,8801,0.5248267242358823,0.3513263221513885,0.3580050204782666,0.344734136269506,0.3580050204782666
qwen,appfr,H10,10,huron,16862,0.9026805835606689,0.43660598123593014,0.3700507242940616,0.3796851032306094,0.3700507242940616
qwen,appfr,H10,10,pal,9249,0.592064006919667,0.3427840463158324,0.3393122120922048,0.27685904901065667,0.3393122120922048
qwen,appfr,H12,12,crowdbot,8801,0.518691057834337,0.3474809828717573,0.35429779363191966,0.345522673241776,0.35429779363191966
qwen,appfr,H12,12,huron,16862,0.9036294626971889,0.4467272830925122,0.3774422111665416,0.3897098503995595,0.3774422111665416
qwen,appfr,H12,12,pal,9249,0.5866580170829279,0.3261464522467736,0.3371314026480983,0.27741341936326197,0.3371314026480983
qwen,appfr,H14,14,crowdbot,8801,0.5192591750937393,0.35792221256205686,0.353954287224204,0.3412348745041595,0.353954287224204
qwen,appfr,H14,14,huron,16862,0.903985292373384,0.44265451482237655,0.3665695881481785,0.37534285702606834,0.3665695881481785
qwen,appfr,H14,14,pal,9249,0.5907665693588496,0.3273799653113016,0.33564868172988077,0.26709853443376974,0.33564868172988077
qwen,appfr,H16,16,crowdbot,8801,0.5163049653448472,0.3566773050759741,0.3520121548421192,0.3405956622736948,0.3520121548421192
qwen,appfr,H16,16,huron,16862,0.9034515478590914,0.43719692179126995,0.36791366331286945,0.37684361187742876,0.36791366331286945
qwen,appfr,H16,16,pal,9249,0.5918477673261974,0.33710954746366156,0.33733226208301376,0.27095786977584146,0.33733226208301376
qwen,appfr,H18,18,crowdbot,8801,0.5327803658675151,0.3651861959222364,0.3644920068701281,0.3619833872052123,0.3644920068701281
qwen,appfr,H18,18,huron,16862,0.9048155616178389,0.4458284620207052,0.3684156384760114,0.37793127874340676,0.3684156384760114
qwen,appfr,H18,18,pal,9249,0.5936858038706887,0.34144149086209,0.33727970746384234,0.26810465423330493,0.33727970746384234
qwen,appfr,H20,20,crowdbot,8801,0.5324394955118736,0.3647971123700417,0.36442330558858504,0.36258815729583044,0.36442330558858504
qwen,appfr,H20,20,huron,16862,0.9047562566718065,0.44375976365943187,0.36795367054648137,0.3771704803653642,0.36795367054648137
qwen,appfr,H20,20,pal,9249,0.5946588820413018,0.3503001673722305,0.33854304720713757,0.2707742452244543,0.33854304720713757
qwen,appfr,H22,22,crowdbot,8801,0.5410748778547892,0.36464651707430623,0.3704003170828379,0.36609627283176255,0.3704003170828379
qwen,appfr,H22,22,huron,16862,0.9045190368876764,0.4412256426830418,0.36522551298348765,0.37330246564279373,0.36522551298348765
qwen,appfr,H22,22,pal,9249,0.5942264028543627,0.34950119909797733,0.338541301931283,0.271385596473287,0.338541301931283
qwen,appfr,H24,24,crowdbot,8801,0.5372116804908533,0.363899829716212,0.36773946360153253,0.36423069096032973,0.36773946360153253
qwen,appfr,H24,24,huron,16862,0.9053493061321314,0.4484605756798912,0.366851491850102,0.3758672794773216,0.366851491850102
qwen,appfr,H24,24,pal,9249,0.5948751216347713,0.3556021739692452,0.3398633047592407,0.2746667878182121,0.3398633047592407
qwen,appfr,H26,26,crowdbot,8801,0.5460743097375298,0.3642298218795892,0.3739569295811864,0.368316857458763,0.3739569295811864
qwen,appfr,H26,26,huron,16862,0.9047562566718065,0.4434420299571508,0.3628920269384574,0.37007833904698967,0.3628920269384574
qwen,appfr,H26,26,pal,9249,0.5953076008217104,0.3542708043868137,0.3381258608300453,0.26841247113663697,0.3381258608300453
qwen,appfr,H28,28,crowdbot,8801,0.5491421429383024,0.36641223836521,0.37605760338221694,0.370432646101694,0.37605760338221694
qwen,appfr,H28,28,huron,16862,0.9053493061321314,0.45024838461502154,0.3659712060052283,0.3747399542144838,0.3659712060052283
qwen,appfr,H28,28,pal,9249,0.5963887987890583,0.36221831479703565,0.3392097207676439,0.2703677872853165,0.3392097207676439
qwen,appfr,H30,30,crowdbot,8801,0.5430064765367572,0.362311172440236,0.3725591227374818,0.3672382719366101,0.3725591227374818
qwen,appfr,H30,30,huron,16862,0.9050527814019689,0.4484879722202435,0.36520186658610737,0.3736041956855658,0.36520186658610737
qwen,appfr,H30,30,pal,9249,0.5959563196021191,0.35793363711811593,0.33656920566343757,0.26206954964404855,0.33656920566343757
qwen,appfr,H32,32,crowdbot,8801,0.5441427110555619,0.3629219405411539,0.37321178491214163,0.36797161268551787,0.37321178491214163
qwen,appfr,H32,32,huron,16862,0.9045190368876764,0.44175979177453106,0.36280472691008486,0.369909885683908,0.36280472691008486
qwen,appfr,H32,32,pal,9249,0.5959563196021191,0.3585529076109759,0.3368690658712048,0.2631112830203225,0.3368690658712048
qwen,appod,H02,2,crowdbot,8801,0.4758550164754005,0.3174229170193954,0.3264922711058264,0.32173068582900305,0.3264922711058264
qwen,appod,H02,2,huron,16862,0.8445617364488198,0.3993716525765352,0.4443933029728162,0.4138452174318008,0.4443933029728162
qwen,appod,H02,2,pal,9249,0.5983349551302843,0.3628348001319237,0.3961910139847646,0.37587710986607376,0.3961910139847646
qwen,appod,H04,4,crowdbot,8801,0.4784683558686513,0.3151391496033655,0.3258871713568503,0.3082957898376392,0.3258871713568503
qwen,appod,H04,4,huron,16862,0.8092752935594829,0.3746857104016539,0.41600242146711497,0.3837688282765219,0.41600242146711497
qwen,appod,H04,4,pal,9249,0.5497891663963672,0.37660561058251024,0.4241819663002067,0.3813447444420765,0.4241819663002067
qwen,appod,H06,6,crowdbot,8801,0.502670151119191,0.33475891147848813,0.3422195798652398,0.321721132468779,0.3422195798652398
qwen,appod,H06,6,huron,16862,0.8721385363539319,0.4055506451693344,0.41602942555789424,0.4105962692496665,0.41602942555789424
qwen,appod,H06,6,pal,9249,0.5850362201319061,0.36374782399542843,0.40627262177476836,0.383831928869706,0.40627262177476836
qwen,appod,H08,8,crowdbot,8801,0.49392114532439496,0.3293741100578615,0.33688994583168186,0.32448260503531284,0.33688994583168186
qwen,appod,H08,8,huron,16862,0.8644881983157395,0.4008607417535252,0.4195960720182154,0.40914309037314434,0.4195960720182154
qwen,appod,H08,8,pal,9249,0.5564925937939237,0.3588314692290864,0.4038185239477808,0.375206868815635,0.4038185239477808
qwen,appod,H10,10,crowdbot,8801,0.5057379843199636,0.3496075739598647,0.34732886710555566,0.33522393454849775,0.34732886710555566
qwen,appod,H10,10,huron,16862,0.8772387617127269,0.41840840009350266,0.4333113784531936,0.425407607408165,0.4333113784531936
qwen,appod,H10,10,pal,9249,0.5802789490755758,0.35545939860079717,0.3931195466401629,0.372744508967008,0.3931195466401629
qwen,appod,H12,12,crowdbot,8801,0.49892057720713556,0.3449564557959853,0.34209171556638274,0.32286197771992997,0.34209171556638274
qwen,appod,H12,12,huron,16862,0.8835843909382043,0.42457336423428643,0.4299247962204789,0.42723232039785075,0.4299247962204789
qwen,appod,H12,12,pal,9249,0.5750891988323062,0.34694157103305884,0.3840428250553372,0.36365875244130746,0.3840428250553372
qwen,appod,H14,14,crowdbot,8801,0.5105101692989433,0.3509472204088007,0.34882231438247796,0.32996878008192393,0.34882231438247796
qwen,appod,H14,14,huron,16862,0.8889811410271616,0.42841665083187636,0.4213474417274687,0.4243358956613907,0.4213474417274687
qwen,appod,H14,14,pal,9249,0.5744404800518975,0.33444110405572197,0.3664084269248418,0.34367800506414364,0.3664084269248418
qwen,appod,H16,16,crowdbot,8801,0.4931257811612317,0.3438151847760123,0.3410443110376407,0.3280512238718421,0.3410443110376407
qwen,appod,H16,16,huron,16862,0.8901672399478117,0.4307902147902059,0.4233244420978602,0.42648946995487513,0.4233244420978602
qwen,appod,H16,16,pal,9249,0.5688182506216888,0.33141581069300713,0.36542618567387697,0.3434842126891924,0.36542618567387697
qwen,appod,H18,18,crowdbot,8801,0.4988069537552551,0.35136689113853525,0.34604313486654487,0.3310852559805687,0.34604313486654487
qwen,appod,H18,18,huron,16862,0.8936662317637291,0.4323542428498974,0.4131684015329961,0.42052713041106654,0.4131684015329961
qwen,appod,H18,18,pal,9249,0.586117418099254,0.33947701029314237,0.3611780097162125,0.3321741501560263,0.3611780097162125
qwen,appod,H20,20,crowdbot,8801,0.48039995455061923,0.3514092379388983,0.3452801381759359,0.332925672103054,0.3452801381759359
qwen,appod,H20,20,huron,16862,0.8898114102716167,0.43017104016587066,0.42407377790017514,0.4266714360483972,0.42407377790017514
qwen,appod,H20,20,pal,9249,0.5603849064763758,0.3170806829165547,0.3497394499492627,0.3241854817836163,0.3497394499492627
qwen,appod,H22,22,crowdbot,8801,0.5035791387342348,0.3593827660252416,0.3487066307048326,0.32441472958298573,0.3487066307048326
qwen,appod,H22,22,huron,16862,0.8886846162969991,0.4234058765065612,0.4117752438596103,0.41645172140640324,0.4117752438596103
qwen,appod,H22,22,pal,9249,0.5662233755000541,0.31984352950847,0.3496430670901927,0.3217504735272214,0.3496430670901927
qwen,appod,H24,24,crowdbot,8801,0.5143733666628793,0.36207325131518076,0.3539659522635654,0.3358917547478189,0.3539659522635654
qwen,appod,H24,24,huron,16862,0.8921243031668841,0.428015721374652,0.4099600938139536,0.4168512912549138,0.4099600938139536
qwen,appod,H24,24,pal,9249,0.5661152557033193,0.3203518773052421,0.35120190385161876,0.32428771307067966,0.35120190385161876
qwen,appod,H26,26,crowdbot,8801,0.5289171685035792,0.38213863714719504,0.36769673475569475,0.3502883538338882,0.36769673475569475
qwen,appod,H26,26,huron,16862,0.8881508717827067,0.4199006486079126,0.4060770322653113,0.41143589366155053,0.4060770322653113
qwen,appod,H26,26,pal,9249,0.5836306627743539,0.341385652409159,0.37112333327792085,0.34788501825357804,0.37112333327792085
qwen,appod,H28,28,crowdbot,8801,0.5264174525622088,0.39189413292123637,0.3776035755601314,0.36245397947184177,0.3776035755601314
qwen,appod,H28,28,huron,16862,0.8913533388684616,0.42564886161794835,0.40615522534224796,0.41339922136306134,0.40615522534224796
qwen,appod,H28,28,pal,9249,0.5737917612714888,0.3305204466588633,0.36280748651785316,0.33887531122819636,0.36280748651785316
qwen,appod,H30,30,crowdbot,8801,0.5393705260765822,0.38947069480313373,0.38092759619629496,0.3749252772375073,0.38092759619629496
qwen,appod,H30,30,huron,16862,0.8926580476811766,0.4316119143954322,0.41323751933484987,0.4203349192609315,0.41323751933484987
qwen,appod,H30,30,pal,9249,0.5854686993188453,0.33831021485469065,0.3622548885503927,0.33418878176504957,0.3622548885503927
qwen,appod,H32,32,crowdbot,8801,0.5386887853652994,0.4011154887244707,0.38613838861337485,0.37220061129470516,0.38613838861337485
qwen,appod,H32,32,huron,16862,0.894140671331989,0.42754213328426244,0.3979379993044507,0.4076062692255355,0.3979379993044507
qwen,appod,H32,32,pal,9249,0.6046059033409017,0.35721718185146906,0.37582582635648404,0.34835537691313423,0.37582582635648404
internvl,appfr,H02,2,crowdbot,8801,0.48369503465515284,0.298719961357324,0.32676707623199897,0.24340771291817662,0.32676707623199897
internvl,appfr,H02,2,huron,16862,0.8374451429249199,0.4058567470703231,0.47104380646369287,0.4232561429472909,0.47104380646369287
internvl,appfr,H02,2,pal,9249,0.5082711644502108,0.27981554273114745,0.3164845493128347,0.29312080752190955,0.3164845493128347
internvl,appfr,H04,4,crowdbot,8801,0.47369617088967164,0.25288151044667573,0.31975690315761657,0.22827532314437124,0.31975690315761657
internvl,appfr,H04,4,huron,16862,0.8277784367216225,0.3892328367654409,0.43689639719815054,0.4022160310691365,0.43689639719815054
internvl,appfr,H04,4,pal,9249,0.5207049410747108,0.26300982572017745,0.30849847242549233,0.27219913032780857,0.30849847242549233
internvl,appfr,H06,6,crowdbot,8801,0.4968753550732871,0.3428426698409906,0.3355846214823623,0.24515117474822512,0.3355846214823623
internvl,appfr,H06,6,huron,16862,0.6741786264974499,0.37745194361254253,0.4761007144569702,0.35684243818554134,0.4761007144569702
internvl,appfr,H06,6,pal,9249,0.34728078711212024,0.24642200718084997,0.2613202846038789,0.23980632517079825,0.2613202846038789
internvl,appfr,H08,8,crowdbot,8801,0.48789910237473016,0.338107084446251,0.32921918351169244,0.22772998052309332,0.32921918351169244
internvl,appfr,H08,8,huron,16862,0.6737634918752224,0.37469289831336733,0.4682454382646731,0.35460214634836024,0.4682454382646731
internvl,appfr,H08,8,pal,9249,0.3674991891015245,0.24617166478720984,0.259782631128138,0.2458495930110367,0.259782631128138
internvl,appfr,H10,10,crowdbot,8801,0.49426201568003636,0.1647540052266788,0.3333333333333333,0.2205155501482777,0.3333333333333333
internvl,appfr,H10,10,huron,16862,0.5811291661724588,0.3737031440166186,0.473987711665745,0.3220587696576764,0.473987711665745
internvl,appfr,H10,10,pal,9249,0.3631743972321332,0.3133955291980342,0.3348501743945082,0.2491231235581103,0.3348501743945082
internvl,appfr,H12,12,crowdbot,8801,0.4951710032950801,0.37601059045592167,0.33399656493592284,0.2234517873043207,0.33399656493592284
internvl,appfr,H12,12,huron,16862,0.6243624718301506,0.3740857848630788,0.4731727107840338,0.3378687156900945,0.4731727107840338
internvl,appfr,H12,12,pal,9249,0.3172234836198508,0.23920641619565744,0.25208323761586066,0.22281201614402155,0.25208323761586066
internvl,appfr,H14,14,crowdbot,8801,0.48948983070105667,0.3161754889599539,0.3307861012022724,0.25014926396952303,0.3307861012022724
internvl,appfr,H14,14,huron,16862,0.8187047799786502,0.38492061611699874,0.433997314035339,0.39687484351624863,0.433997314035339
internvl,appfr,H14,14,pal,9249,0.4418856092550546,0.2519897508381357,0.2810730331188346,0.26573748845304923,0.2810730331188346
internvl,appfr,H16,16,crowdbot,8801,0.4925576639018293,0.3240409380237173,0.33263575108997223,0.24196574772657917,0.33263575108997223
internvl,appfr,H16,16,huron,16862,0.8128335903214328,0.381428411779561,0.42985599518215345,0.392321676892182,0.42985599518215345
internvl,appfr,H16,16,pal,9249,0.4461022813277111,0.24376419844687805,0.27659214644190827,0.2588803572916421,0.27659214644190827
internvl,appfr,H18,18,crowdbot,8801,0.49426201568003636,0.33142023714816077,0.33333597569031576,0.2206568562937881,0.33333597569031576
internvl,appfr,H18,18,huron,16862,0.597082196655201,0.3725364588814981,0.4699554228189667,0.3271265614780147,0.4699554228189667
internvl,appfr,H18,18,pal,9249,0.2855443831765596,0.22512390646832645,0.24176014909542573,0.20105584592309775,0.24176014909542573
internvl,appfr,H20,20,crowdbot,8801,0.4951710032950801,0.4149022955795864,0.33397806843704586,0.2224764300021815,0.33397806843704586
internvl,appfr,H20,20,huron,16862,0.6306487961095956,0.3732318131109131,0.4699843750054444,0.339409061668265,0.4699843750054444
internvl,appfr,H20,20,pal,9249,0.3410098389015029,0.24757921119152923,0.25841632010942184,0.23662138087675522,0.25841632010942184
internvl,appfr,H22,22,crowdbot,8801,0.4948301329394387,0.36774247872646043,0.33375346809353945,0.222652356219556,0.33375346809353945
internvl,appfr,H22,22,huron,16862,0.599928834064761,0.3699612682169709,0.4615399503270441,0.32630456278497083,0.4615399503270441
internvl,appfr,H22,22,pal,9249,0.33517136987782464,0.2658969704167444,0.2838209045040465,0.2360621201332865,0.2838209045040465
internvl,appfr,H24,24,crowdbot,8801,0.4965344847176457,0.42983268361525057,0.33493724402166736,0.22497765092122882,0.33493724402166736
internvl,appfr,H24,24,huron,16862,0.6190843316332583,0.36553411158409727,0.44548192419018856,0.3293248990367949,0.44548192419018856
internvl,appfr,H24,24,pal,9249,0.29030165423289006,0.21968012065650977,0.22822566573874714,0.20374452456898026,0.22822566573874714
internvl,appfr,H26,26,crowdbot,8801,0.4915350528349051,0.23571673217751535,0.33151803408640507,0.22095658680276578,0.33151803408640507
internvl,appfr,H26,26,huron,16862,0.6227019333412407,0.48091144525932256,0.4617955625810643,0.337317601942036,0.4617955625810643
internvl,appfr,H26,26,pal,9249,0.31008757703535517,0.2317901240700048,0.23952028387958943,0.21679402673504974,0.23952028387958943
internvl,appfr,H28,28,crowdbot,8801,0.49528462674696055,0.4105347061573314,0.3340599815035011,0.22279036558087728,0.3340599815035011
internvl,appfr,H28,28,huron,16862,0.6510496975447753,0.3704073799634319,0.45878610324191316,0.34393373799744115,0.45878610324191316
internvl,appfr,H28,28,pal,9249,0.34328035463293327,0.23719488592662122,0.24523163366590003,0.2320855429883719,0.24523163366590003
internvl,appfr,H30,30,crowdbot,8801,0.493693898420634,0.21227676879257504,0.3329528339278636,0.2204869450084842,0.3329528339278636
internvl,appfr,H30,30,huron,16862,0.6502787332463528,0.36577790633064905,0.44309737586441206,0.3394580334540626,0.44309737586441206
internvl,appfr,H30,30,pal,9249,0.34890258406314195,0.2617056209650395,0.27290143340814893,0.2445247360657424,0.27290143340814893
internvl,appfr,H32,32,crowdbot,8801,0.49437563913191684,0.38699451895632847,0.3334152463997886,0.22083201751494055,0.3334152463997886
internvl,appfr,H32,32,huron,16862,0.667417862649745,0.3646038096132984,0.43708080108609343,0.3435774434019787,0.43708080108609343
internvl,appfr,H32,32,pal,9249,0.3572278084117202,0.25275583382024375,0.26190017432251556,0.24473702140478207,0.26190017432251556
internvl,appod,H02,2,crowdbot,8801,0.4974434723326895,0.3354574447315053,0.3367076231998943,0.2737205758856405,0.3367076231998943
internvl,appod,H02,2,huron,16862,0.6963586763136046,0.3749658591670153,0.46357654975526685,0.3615560910000995,0.46357654975526685
internvl,appod,H02,2,pal,9249,0.4974591847767326,0.27497529692286377,0.31140326592598033,0.2895237380257151,0.31140326592598033
internvl,appod,H04,4,crowdbot,8801,0.4758550164754005,0.26085376525905163,0.32123133835381157,0.22992488221883714,0.32123133835381157
internvl,appod,H04,4,huron,16862,0.7259518443838217,0.3770779470250342,0.4614830120828497,0.3717019008319189,0.4614830120828497
internvl,appod,H04,4,pal,9249,0.44458860417342416,0.27345203739318374,0.3028537921768272,0.2864990748422049,0.3028537921768272
internvl,appod,H06,6,crowdbot,8801,0.4752868992159982,0.21425360562847387,0.3206447351037125,0.22036121961453917,0.3206447351037125
internvl,appod,H06,6,huron,16862,0.598031075791721,0.3657064425269097,0.4467569765820842,0.3223690740964342,0.4467569765820842
internvl,appod,H06,6,pal,9249,0.3556060114606985,0.26651350629010084,0.2955979168910982,0.2502444831517097,0.2955979168910982
internvl,appod,H08,8,crowdbot,8801,0.4760822633791615,0.23410127223317698,0.3212419077817413,0.2235244872138499,0.3212419077817413
internvl,appod,H08,8,huron,16862,0.5904400426995612,0.3818402011866766,0.4437607578082869,0.3215790830426056,0.4437607578082869
internvl,appod,H08,8,pal,9249,0.3626337982484593,0.2734273438218614,0.29916462807538874,0.2553611223321537,0.29916462807538874
internvl,appod,H10,10,crowdbot,8801,0.5049426201568004,0.34543517466202256,0.34220372572334523,0.29047280697188643,0.34220372572334523
internvl,appod,H10,10,huron,16862,0.6078756968331159,0.36563855440733056,0.4470788558412668,0.3258570209663704,0.4470788558412668
internvl,appod,H10,10,pal,9249,0.40836847226727213,0.27385460635061865,0.299888939370993,0.27766316176801326,0.299888939370993
internvl,appod,H12,12,crowdbot,8801,0.508237700261334,0.34786827413294374,0.34467961421588056,0.29885383959583406,0.34467961421588056
internvl,appod,H12,12,huron,16862,0.6106037243506108,0.3668817341789404,0.4516039495470456,0.327920351081114,0.4516039495470456
internvl,appod,H12,12,pal,9249,0.3921505027570548,0.2638822162396098,0.28477050909653046,0.2656430917525666,0.28477050909653046
internvl,appod,H14,14,crowdbot,8801,0.48358141120327236,0.2857564257054414,0.3264103580393711,0.23131818507060345,0.3264103580393711
internvl,appod,H14,14,huron,16862,0.768414185743091,0.37886499275908553,0.44916064158678753,0.3834674429390048,0.44916064158678753
internvl,appod,H14,14,pal,9249,0.4418856092550546,0.2597957829310274,0.28784987381437416,0.2731036243401494,0.28784987381437416
internvl,appod,H16,16,crowdbot,8801,0.4809680718100216,0.26644282648786877,0.32455542343770644,0.22610192519028424,0.32455542343770644
internvl,appod,H16,16,huron,16862,0.7469457952793263,0.3972236300897171,0.44875987229584385,0.3776416560041263,0.44875987229584385
internvl,appod,H16,16,pal,9249,0.4244783219807547,0.2588181656980626,0.2829218910953975,0.26985519699479427,0.2829218910953975
internvl,appod,H18,18,crowdbot,8801,0.49437563913191684,0.3304632207121154,0.3348764698110715,0.2798463364589285,0.3348764698110715
internvl,appod,H18,18,huron,16862,0.631538370300083,0.3682177335738234,0.45336624759802174,0.3359086804663635,0.45336624759802174
internvl,appod,H18,18,pal,9249,0.38815007027786785,0.2617911463213358,0.2807362385107945,0.26252118664430973,0.2807362385107945
internvl,appod,H20,20,crowdbot,8801,0.4934666515168731,0.3301669318757323,0.33365834324217203,0.25913829061571714,0.33365834324217203
internvl,appod,H20,20,huron,16862,0.637350255011268,0.3685252047663818,0.45352445514218237,0.33792525707745763,0.45352445514218237
internvl,appod,H20,20,pal,9249,0.38901502865174614,0.3005733309671332,0.2824051780042162,0.26425035508314537,0.2824051780042162
internvl,appod,H22,22,crowdbot,8801,0.5258493353028065,0.37030060989896274,0.35705641432157487,0.3200346692557077,0.35705641432157487
internvl,appod,H22,22,huron,16862,0.6593523899893251,0.3661047641369186,0.4420351727252918,0.3424870209006871,0.4420351727252918
internvl,appod,H22,22,pal,9249,0.3844739971888853,0.26298569053567755,0.2827004810372942,0.2623373034534177,0.2827004810372942
internvl,appod,H24,24,crowdbot,8801,0.5261902056584479,0.3745979768942154,0.35700620953890866,0.3134151809487457,0.35700620953890866
internvl,appod,H24,24,huron,16862,0.6503973431384178,0.36671107355447674,0.44512166902956424,0.340333159738285,0.44512166902956424
internvl,appod,H24,24,pal,9249,0.37852740836847226,0.2619925462932735,0.27997774162438843,0.25923966017771954,0.27997774162438843
internvl,appod,H26,26,crowdbot,8801,0.523804113168958,0.38551760226637083,0.3547628484608271,0.294259467344775,0.3547628484608271
internvl,appod,H26,26,huron,16862,0.5360574071877594,0.3646559612896074,0.41934579707952047,0.29694191604581405,0.41934579707952047
internvl,appod,H26,26,pal,9249,0.5125959563196021,0.3273326942407731,0.36172092140268,0.34017282087879225,0.36172092140268
internvl,appod,H28,28,crowdbot,8801,0.5165322122486081,0.3783047050197362,0.349641960628881,0.2840337032576541,0.349641960628881
internvl,appod,H28,28,huron,16862,0.5265686158225596,0.3635115891316795,0.4198150822465519,0.2936024304906839,0.4198150822465519
internvl,appod,H28,28,pal,9249,0.5133527948967456,0.3382541949014126,0.3659082503223828,0.3439545706513613,0.3659082503223828
internvl,appod,H30,30,crowdbot,8801,0.5435745937961596,0.40382464844707405,0.3686669309023649,0.31998019986205645,0.3686669309023649
internvl,appod,H30,30,huron,16862,0.5884829794804887,0.37059860031773334,0.4195103398191826,0.31727575960961907,0.4195103398191826
internvl,appod,H30,30,pal,9249,0.5566007135906584,0.4902219087228657,0.4005253971357224,0.37535980433347693,0.4005253971357224
internvl,appod,H32,32,crowdbot,8801,0.5027837745710715,0.36012354953997944,0.33981239265424756,0.25767416563987805,0.33981239265424756
internvl,appod,H32,32,huron,16862,0.5824338749851737,0.3675422774073817,0.41420318863862565,0.3139041891756627,0.41420318863862565
internvl,appod,H32,32,pal,9249,0.5527084009082063,0.41155949626877003,0.40098946598545854,0.3749308463642995,0.40098946598545854
llava,appfr,H02,2,crowdbot,8801,0.4974434723326895,0.33096282708089625,0.3377407847800238,0.3017389669350131,0.3377407847800238
llava,appfr,H02,2,huron,16862,0.7323567785553315,0.3650733869811971,0.42312689252349694,0.36043420602151993,0.42312689252349694
llava,appfr,H02,2,pal,9249,0.4989728619310196,0.3081020438956385,0.34235494783305026,0.323216525869425,0.34235494783305026
llava,appfr,H04,4,crowdbot,8801,0.4838086581070333,0.32198081798066064,0.33130400317082837,0.32616209388494877,0.33130400317082837
llava,appfr,H04,4,huron,16862,0.7901197959909857,0.3657139317669688,0.40477158641288463,0.3713621070689042,0.40477158641288463
llava,appfr,H04,4,pal,9249,0.5613579846469888,0.3152814608595036,0.3520822864405199,0.32725085363202683,0.3520822864405199
llava,appfr,H06,6,crowdbot,8801,0.4791500965799341,0.3205389939431382,0.3295706169903554,0.32203261482032325,0.3295706169903554
llava,appfr,H06,6,huron,16862,0.799905112086348,0.3679419820277631,0.4055117835874109,0.375044420691868,0.4055117835874109
llava,appfr,H06,6,pal,9249,0.5740080008649584,0.3112892271505779,0.3485949853076134,0.3160414123368554,0.3485949853076134
llava,appfr,H08,8,crowdbot,8801,0.4805135780024997,0.3229394844113394,0.33188267934998017,0.3113433859819758,0.33188267934998017
llava,appfr,H08,8,huron,16862,0.8020993950895504,0.3690615734071609,0.406979523233512,0.37656358089849745,0.406979523233512
llava,appfr,H08,8,pal,9249,0.5721699643204671,0.3017444268313196,0.34241044760522626,0.30539896455826715,0.34241044760522626
llava,appfr,H10,10,crowdbot,8801,0.48437677536643564,0.32573714585934926,0.3343902761263047,0.3157896525018342,0.3343902761263047
llava,appfr,H10,10,huron,16862,0.7972956944609181,0.3679504193377336,0.40675219788749767,0.37473702480010807,0.40675219788749767
llava,appfr,H10,10,pal,9249,0.5708725267596497,0.30327780430740114,0.3434847085256245,0.30839984500948864,0.3434847085256245
llava,appfr,H12,12,crowdbot,8801,0.47880922622429267,0.32023114115603885,0.3292746730083234,0.32207169109741574,0.3292746730083234
llava,appfr,H12,12,huron,16862,0.7783181117305183,0.367648018375807,0.41429291205811375,0.3719548545644542,0.41429291205811375
llava,appfr,H12,12,pal,9249,0.569250729808628,0.3012809925683449,0.3405995057466043,0.30363625079330614,0.3405995057466043
llava,appfr,H14,14,crowdbot,8801,0.4758550164754005,0.3181848416599213,0.32725326991676573,0.32004070807319146,0.32725326991676573
llava,appfr,H14,14,huron,16862,0.7835369469813782,0.3710519520935002,0.4206149419066776,0.3766098167609046,0.4206149419066776
llava,appfr,H14,14,pal,9249,0.5683857714347497,0.30266972587213387,0.3399363227378072,0.3027693622235268,0.3399363227378072
llava,appfr,H16,16,crowdbot,8801,0.4818770594250653,0.32344803517268833,0.33230545646716875,0.3179256003142524,0.33230545646716875
llava,appfr,H16,16,huron,16862,0.8050646423911755,0.37464233758529325,0.4184141322654347,0.38325354108818765,0.4184141322654347
llava,appfr,H16,16,pal,9249,0.564277219158828,0.2984679499743091,0.3317035729243663,0.28753916466328894,0.3317035729243663
llava,appfr,H18,18,crowdbot,8801,0.48494489262583795,0.32568900261207956,0.3345223939754261,0.31896774362705577,0.3345223939754261
llava,appfr,H18,18,huron,16862,0.8091566836674179,0.37573832640501514,0.41859962898755,0.3848680696506783,0.41859962898755
llava,appfr,H18,18,pal,9249,0.5648178181425019,0.3005724135376942,0.33368483189044834,0.2917260072965661,0.33368483189044834
llava,appfr,H20,20,crowdbot,8801,0.48528576298147935,0.325586345728144,0.3344748315497424,0.32177918555640234,0.3344748315497424
llava,appfr,H20,20,huron,16862,0.8045308978768829,0.37387886262142916,0.4168972784342861,0.38233109111447106,0.4168972784342861
llava,appfr,H20,20,pal,9249,0.5638447399718889,0.30432340069155206,0.33554003830793233,0.2965923024318465,0.33554003830793233
llava,appfr,H22,22,crowdbot,8801,0.47994546074309735,0.3219551314006061,0.33114281939490026,0.31497673399323783,0.33114281939490026
llava,appfr,H22,22,huron,16862,0.8066065709880204,0.3724586026703973,0.41237943861330306,0.380789416345721,0.41237943861330306
llava,appfr,H22,22,pal,9249,0.5621148232241323,0.2994532362656423,0.3328343153346089,0.2920478920783825,0.3328343153346089
llava,appfr,H24,24,crowdbot,8801,0.48608112714464263,0.3276791358187879,0.3359545514599022,0.31190932517891623,0.3359545514599022
llava,appfr,H24,24,huron,16862,0.8102834776420353,0.3720418381819827,0.4093311598287082,0.3805189114857532,0.4093311598287082
llava,appfr,H24,24,pal,9249,0.5614661044437237,0.2950287920087919,0.3327717253792735,0.29263315228184966,0.3327717253792735
llava,appfr,H26,26,crowdbot,8801,0.4823315532325872,0.3244854575132909,0.3336715550270842,0.3048178683854362,0.3336715550270842
llava,appfr,H26,26,huron,16862,0.8120033210769778,0.3693771605115171,0.40248165535298214,0.3772918255160999,0.40248165535298214
llava,appfr,H26,26,pal,9249,0.5623310628176019,0.2969713640906105,0.33433448901137236,0.2953726820864467,0.33433448901137236
llava,appfr,H28,28,crowdbot,8801,0.48414952846267467,0.3259552002849566,0.3349081780948606,0.30630332286128703,0.3349081780948606
llava,appfr,H28,28,huron,16862,0.8171628513818052,0.36995528744749073,0.4008592875905892,0.37811700152280187,0.4008592875905892
llava,appfr,H28,28,pal,9249,0.5612498648502541,0.2933599452626667,0.33319065703222034,0.29385977077933056,0.33319065703222034
llava,appfr,H30,30,crowdbot,8801,0.48926258379729576,0.33019053562031403,0.33836438102787686,0.31080697942856733,0.33836438102787686
llava,appfr,H30,30,huron,16862,0.8189419997627803,0.3701225821891378,0.40019360903607243,0.3783283918593376,0.40019360903607243
llava,appfr,H30,30,pal,9249,0.5618985836306628,0.29757611722984606,0.3327134986135747,0.29202388566388215,0.3327134986135747
llava,appfr,H32,32,crowdbot,8801,0.4916486762867856,0.33276464487999413,0.3402536662703131,0.3083632772537089,0.3402536662703131
llava,appfr,H32,32,huron,16862,0.8192978294389752,0.3690972225405782,0.3979037730052284,0.37704101834680886,0.3979037730052284
llava,appfr,H32,32,pal,9249,0.5616823440371932,0.3008049640081982,0.33355223455739563,0.2939731179056587,0.33355223455739563
llava,appod,H02,2,crowdbot,8801,0.4664242699693217,0.3114089033204961,0.32031179812392657,0.3150671568797123,0.32031179812392657
llava,appod,H02,2,huron,16862,0.7407187759459138,0.3676536728523869,0.42840493313581224,0.3652653852507621,0.42840493313581224
llava,appod,H02,2,pal,9249,0.4774570223807979,0.29446969760209857,0.3270352218047086,0.30885764646602376,0.3270352218047086
llava,appod,H04,4,crowdbot,8801,0.46006135666401543,0.3071070620992185,0.3158937772493064,0.3108480270315251,0.3158937772493064
llava,appod,H04,4,huron,16862,0.7895860514766931,0.3669458890257218,0.407876233267323,0.37269958542345966,0.407876233267323
llava,appod,H04,4,pal,9249,0.5355173532273759,0.29548668520557947,0.331467567996929,0.3055279667120774,0.331467567996929
llava,appod,H06,6,crowdbot,8801,0.45733439381888424,0.3051428830051673,0.31388558594266086,0.3091588939824592,0.31388558594266086
llava,appod,H06,6,huron,16862,0.797058474676788,0.36942863228415684,0.41040611269983857,0.37663557913759904,0.41040611269983857
llava,appod,H06,6,pal,9249,0.5516272029408584,0.2948273881515569,0.33135266339785224,0.2967796222284294,0.33135266339785224
llava,appod,H08,8,crowdbot,8801,0.46324281331666856,0.3094928366282129,0.319061963271238,0.30885419394960584,0.319061963271238
llava,appod,H08,8,huron,16862,0.797058474676788,0.3711582583882396,0.4145874704629888,0.3788302899063498,0.4145874704629888
llava,appod,H08,8,pal,9249,0.553357119688615,0.28758306988621346,0.3271616015925293,0.28673867944341946,0.3271616015925293
llava,appod,H10,10,crowdbot,8801,0.4658561527099193,0.31029092702169625,0.3192548553309552,0.3146676858989165,0.3192548553309552
llava,appod,H10,10,huron,16862,0.7809868343019808,0.368660230587811,0.41593525176095975,0.3737090995778789,0.41593525176095975
llava,appod,H10,10,pal,9249,0.5507622445669802,0.28975079485274385,0.32859045893468447,0.2918530264655141,0.32859045893468447
llava,appod,H12,12,crowdbot,8801,0.45937961595273263,0.306448037532217,0.3152199762187871,0.3105813165150126,0.3152199762187871
llava,appod,H12,12,huron,16862,0.7718538726129759,0.36792424087497905,0.41763584427664213,0.3712991886131403,0.41763584427664213
llava,appod,H12,12,pal,9249,0.5511947237539193,0.2856545921092051,0.32559360213286676,0.2849907850693206,0.32559360213286676
llava,appod,H14,14,crowdbot,8801,0.4556300420406772,0.3031963896062932,0.31208614083762715,0.30740366118643075,0.31208614083762715
llava,appod,H14,14,huron,16862,0.7725062270193334,0.3705468869460922,0.4242579917300011,0.3744180737959956,0.4242579917300011
llava,appod,H14,14,pal,9249,0.5514109633473889,0.2856370561494041,0.3258343629370078,0.28537955238166085,0.3258343629370078
llava,appod,H16,16,crowdbot,8801,0.46835586865128964,0.3132582848124397,0.323281807372176,0.30591883703972367,0.323281807372176
llava,appod,H16,16,huron,16862,0.7863242794449057,0.3732830981524262,0.4251618606195495,0.37975797133548106,0.4251618606195495
llava,appod,H16,16,pal,9249,0.5567088333873932,0.2901831416588052,0.32765490381282997,0.2848656877946128,0.32765490381282997
llava,appod,H18,18,crowdbot,8801,0.4667651403249631,0.31170897778643664,0.32058396089311664,0.31522679302306855,0.32058396089311664
llava,appod,H18,18,huron,16862,0.7747005100225359,0.36986732280990614,0.4215443736129519,0.37399819478891155,0.4215443736129519
llava,appod,H18,18,pal,9249,0.5546545572494324,0.29060646132260093,0.327826529877181,0.28702750296319696,0.327826529877181
llava,appod,H20,20,crowdbot,8801,0.48074082490626063,0.32296264951506953,0.33215219976218785,0.3100299865200364,0.33215219976218785
llava,appod,H20,20,huron,16862,0.7704898588542285,0.36920832072044796,0.4215352983378689,0.37253928906809125,0.4215352983378689
llava,appod,H20,20,pal,9249,0.5532489998918803,0.29292107989714244,0.3289603265201691,0.29062183045750145,0.3289603265201691
llava,appod,H22,22,crowdbot,8801,0.4758550164754005,0.3173822452245015,0.3264817016778967,0.32173143519952657,0.3264817016778967
llava,appod,H22,22,huron,16862,0.7650338038192386,0.367343030911887,0.4188671833016459,0.36957659910673374,0.4188671833016459
llava,appod,H22,22,pal,9249,0.5511947237539193,0.2905189781576653,0.32805245583655807,0.2903055061188787,0.32805245583655807
llava,appod,H24,24,crowdbot,8801,0.46971935007385524,0.3139659718030988,0.32401902497027346,0.3089742408126493,0.32401902497027346
llava,appod,H24,24,huron,16862,0.764500059304946,0.36691365543375287,0.4180105438541524,0.36904977406272527,0.4180105438541524
llava,appod,H24,24,pal,9249,0.5534652394853498,0.2934684990336414,0.3298607797813981,0.2924109412938001,0.3298607797813981
llava,appod,H26,26,crowdbot,8801,0.4771048744460857,0.32031974332818397,0.3297767208349848,0.3057985743856016,0.3297767208349848
llava,appod,H26,26,huron,16862,0.7637883999525561,0.3645652672428183,0.41202678577735563,0.36619620086268617,0.41202678577735563
llava,appod,H26,26,pal,9249,0.5535733592820845,0.29498429863127607,0.3305808805990031,0.2938148217407915,0.3305808805990031
llava,appod,H28,28,crowdbot,8801,0.48289967049198956,0.32695160905496895,0.33472057074910816,0.2927159557418417,0.33472057074910816
llava,appod,H28,28,huron,16862,0.7712608231526509,0.36523902218786425,0.4110355218303763,0.36816966070332047,0.4110355218303763
llava,appod,H28,28,pal,9249,0.5544383176559629,0.2960780490394451,0.3313040356493537,0.29468743579673456,0.3313040356493537
llava,appod,H30,30,crowdbot,8801,0.4876718554709692,0.3309461087942324,0.3378438367023385,0.299440443923496,0.3378438367023385
llava,appod,H30,30,huron,16862,0.7718538726129759,0.3650933695825161,0.4103734860564338,0.36803958378518925,0.4103734860564338
llava,appod,H30,30,pal,9249,0.5562763542004541,0.2991606001413462,0.33281075411057187,0.2964499392803498,0.33281075411057187
llava,appod,H32,32,crowdbot,8801,0.488353596182252,0.330278722691236,0.33774342713700617,0.31009891310029913,0.33774342713700617
llava,appod,H32,32,huron,16862,0.7662792076859211,0.36468070559391874,0.4114029358467379,0.36671538483523713,0.4114029358467379
llava,appod,H32,32,pal,9249,0.553357119688615,0.29810198359620693,0.3318394208336982,0.2964887072867606,0.3318394208336982
