model,approach,history,history_frames,class_label,support,precision,recall,f1,class_accuracy
qwen,appfr,H02,2,safe,24996,0.7904108562003299,0.8435349655944951,0.8161093048459513,0.7278299725022914
qwen,appfr,H02,2,potentially_unsafe,8497,0.49089363768819816,0.4758149935271272,0.4832367178629056,0.7523201191567369
qwen,appfr,H02,2,unsafe,1419,0.0,0.0,0.0,0.9593549495875344
qwen,appfr,H04,4,safe,24996,0.7657128967289395,0.8821811489838374,0.8198312079414061,0.7223877176901925
qwen,appfr,H04,4,potentially_unsafe,8497,0.4874059535492313,0.35071201600564905,0.40791184723838203,0.7522055453712191
qwen,appfr,H04,4,unsafe,1419,0.0,0.0,0.0,0.9593549495875344
qwen,appfr,H06,6,safe,24996,0.7731193015805964,0.8786205792926868,0.8225006085800423,0.7284887717690193
qwen,appfr,H06,6,potentially_unsafe,8497,0.5057647963105304,0.38719548075791455,0.43860818557525666,0.7587648945921174
qwen,appfr,H06,6,unsafe,1419,0.0,0.0,0.0,0.9593549495875344
qwen,appfr,H08,8,safe,24996,0.7655550196375663,0.8889822371579452,0.8226648402502685,0.7255957836846929
qwen,appfr,H08,8,potentially_unsafe,8497,0.4984709480122324,0.3452983405907967,0.4079816449975665,0.7561010540788268
qwen,appfr,H08,8,unsafe,1419,0.0,0.0,0.0,0.9593549495875344
qwen,appfr,H10,10,safe,24996,0.7764710049948634,0.8769003040486478,0.8236355096289338,0.7311239688359303
qwen,appfr,H10,10,potentially_unsafe,8497,0.5086852351003295,0.3997881605272449,0.4477100494233938,0.7599392758936755
qwen,appfr,H10,10,unsafe,1419,0.0,0.0,0.0,0.9592117323556371
qwen,appfr,H12,12,safe,24996,0.7730035484664302,0.8802208353336534,0.8231354870087356,0.7291762144821264
qwen,appfr,H12,12,potentially_unsafe,8497,0.5026488002492988,0.37966341061551134,0.43258464632919874,0.7575905132905592
qwen,appfr,H12,12,unsafe,1419,0.0,0.0,0.0,0.9584670027497708
qwen,appfr,H14,14,safe,24996,0.7801782531194296,0.875500080012802,0.8250952003921125,0.7342461044912924
qwen,appfr,H14,14,potentially_unsafe,8497,0.5055878408582923,0.3993174061433447,0.44621251972645976,0.7587648945921174
qwen,appfr,H14,14,unsafe,1419,0.0,0.0,0.0,0.9550297891842346
qwen,appfr,H16,16,safe,24996,0.7805008561643836,0.8753000480076812,0.8251866938221317,0.7344752520623281
qwen,appfr,H16,16,potentially_unsafe,8497,0.5029824038174769,0.39696363422384373,0.44372821153719666,0.757762373968836
qwen,appfr,H16,16,unsafe,1419,0.0,0.0,0.0,0.9543709899175069
qwen,appfr,H18,18,safe,24996,0.77463088174417,0.8983437349975996,0.8319131594546533,0.7400893675527039
qwen,appfr,H18,18,potentially_unsafe,8497,0.5202372644801116,0.35094739319759916,0.4191440016866962,0.7632619156736938
qwen,appfr,H18,18,unsafe,1419,0.0,0.0,0.0,0.9538554078826764
qwen,appfr,H20,20,safe,24996,0.7739695417511774,0.9007041126580253,0.8325413700656374,0.7405763061411549
qwen,appfr,H20,20,potentially_unsafe,8497,0.5204408105225737,0.34459220901494647,0.41464278127876514,0.7632046287809349
qwen,appfr,H20,20,unsafe,1419,0.0,0.0,0.0,0.9537121906507791
qwen,appfr,H22,22,safe,24996,0.7714285714285715,0.9030244839174267,0.8320554408728988,0.7390009165902841
qwen,appfr,H22,22,potentially_unsafe,8497,0.5270900609974883,0.34576909497469693,0.4175964750195437,0.7652669569202566
qwen,appfr,H22,22,unsafe,1419,0.0,0.0,0.0,0.9571207607699358
qwen,appfr,H24,24,safe,24996,0.7724905789653991,0.902104336693871,0.8322814010999151,0.7396883593033914
qwen,appfr,H24,24,potentially_unsafe,8497,0.5255930087390761,0.3468282923384724,0.41789563244469646,0.7648373052245646
qwen,appfr,H24,24,unsafe,1419,0.0,0.0,0.0,0.9560609532538955
qwen,appfr,H26,26,safe,24996,0.7683240753285463,0.9075052008321332,0.8321349963316214,0.7378551787351054
qwen,appfr,H26,26,potentially_unsafe,8497,0.5357607282184655,0.33941391079204425,0.4155619596541787,0.7676443629697525
qwen,appfr,H26,26,unsafe,1419,0.0,0.0,0.0,0.9592117323556371
qwen,appfr,H28,28,safe,24996,0.7694524495677233,0.907945271243399,0.832981593290635,0.7393159945004583
qwen,appfr,H28,28,potentially_unsafe,8497,0.5397412199630314,0.34365070024714606,0.4199324081397857,0.7689333180568286
qwen,appfr,H28,28,unsafe,1419,0.0,0.0,0.0,0.9591544454628781
qwen,appfr,H30,30,safe,24996,0.7623456790123457,0.9189870379260682,0.8333696125380933,0.7368813015582035
qwen,appfr,H30,30,potentially_unsafe,8497,0.540523560209424,0.3037542662116041,0.38893911995177816,0.7677016498625114
qwen,appfr,H30,30,unsafe,1419,0.0,0.0,0.0,0.9592117323556371
qwen,appfr,H32,32,safe,24996,0.7631666555696118,0.9171067370779324,0.8330850019987643,0.7368813015582035
qwen,appfr,H32,32,potentially_unsafe,8497,0.5398357289527721,0.3094033188184065,0.39335677414528314,0.767730293308891
qwen,appfr,H32,32,unsafe,1419,0.0,0.0,0.0,0.9592403758020165
qwen,appod,H02,2,safe,24996,0.7814791940091098,0.8099295887341975,0.7954500805469332,0.7017644362969753
qwen,appod,H02,2,potentially_unsafe,8497,0.41283588718632025,0.437566199835236,0.4248414557504428,0.7116464252978918
qwen,appod,H02,2,unsafe,1419,0.0,0.0,0.0,0.9593549495875344
qwen,appod,H04,4,safe,24996,0.8331026583305493,0.6983517362778044,0.7597989074843848,0.6838622823098075
qwen,appod,H04,4,potentially_unsafe,8497,0.3930080951357547,0.6456396375191243,0.48859992874955466,0.6710586617781852
qwen,appod,H04,4,unsafe,1419,0.0,0.0,0.0,0.9593549495875344
qwen,appod,H06,6,safe,24996,0.8185124796187132,0.7832453192510802,0.800490647040785,0.7204686067827681
qwen,appod,H06,6,potentially_unsafe,8497,0.4515101892285298,0.5840885018241733,0.5093129457642773,0.7260827222731439
qwen,appod,H06,6,unsafe,1419,0.0,0.0,0.0,0.9593263061411549
qwen,appod,H08,8,safe,24996,0.8237748999698834,0.7660025604096655,0.793839009929725,0.7151409257561869
qwen,appod,H08,8,potentially_unsafe,8497,0.4229877158319732,0.5794986465811462,0.4890257225146489,0.7052589367552704
qwen,appod,H08,8,unsafe,1419,0.0,0.0,0.0,0.9585529330889092
qwen,appod,H10,10,safe,24996,0.8123724802089284,0.7964474315890543,0.8043311381358329,0.7225595783684693
qwen,appod,H10,10,potentially_unsafe,8497,0.4550295285119566,0.5531364010827351,0.49930946563263573,0.7300068744271311
qwen,appod,H10,10,unsafe,1419,0.025974025974025976,0.0014094432699083862,0.0026737967914438505,0.9572639780018332
qwen,appod,H12,12,safe,24996,0.8172724653192278,0.7942870859337494,0.8056158574935585,0.7255671402383135
qwen,appod,H12,12,potentially_unsafe,8497,0.4517631403858949,0.5593738966694127,0.49984225470606797,0.7275435380384968
qwen,appod,H12,12,unsafe,1419,0.02040816326530612,0.0014094432699083862,0.0026367831245880024,0.9566624656278644
qwen,appod,H14,14,safe,24996,0.8079091558802509,0.8140502480396864,0.8109680762026223,0.7282882676443629
qwen,appod,H14,14,potentially_unsafe,8497,0.4607812661900321,0.5233611863010474,0.4900815516861362,0.7349335472043996
qwen,appod,H14,14,unsafe,1419,0.013333333333333334,0.0007047216349541931,0.0013386880856760374,0.9572639780018332
qwen,appod,H16,16,safe,24996,0.8061507936507937,0.812730036805889,0.8094270459797595,0.7259967919340055
qwen,appod,H16,16,potentially_unsafe,8497,0.452122616664911,0.5051194539249146,0.477153974430239,0.7305797433547204
qwen,appod,H16,16,unsafe,1419,0.0182648401826484,0.0028188865398167725,0.004884004884004883,0.9533111824014665
qwen,appod,H18,18,safe,24996,0.7989847325308618,0.8311729876780285,0.8147610737465439,0.7294053620531622
qwen,appod,H18,18,potentially_unsafe,8497,0.47190881878885566,0.48240555490173004,0.4770994587673864,0.7426386342804766
qwen,appod,H18,18,unsafe,1419,0.02242152466367713,0.0035236081747709656,0.0060901339829476245,0.9532538955087076
qwen,appod,H20,20,safe,24996,0.7998668389926762,0.8170507281164986,0.808367472144709,0.7226455087076077
qwen,appod,H20,20,potentially_unsafe,8497,0.4514811031664964,0.468165234788749,0.4596718280563901,0.7321264894592118
qwen,appod,H20,20,unsafe,1419,0.02464788732394366,0.009866102889358703,0.014091595369904378,0.9438874885426215
qwen,appod,H22,22,safe,24996,0.8036972527907529,0.812249959993599,0.8079509729794262,0.7235334555453712
qwen,appod,H22,22,potentially_unsafe,8497,0.4588744588744589,0.5114746381075673,0.4837488869100623,0.7343033913840513
qwen,appod,H22,22,unsafe,1419,0.027932960893854747,0.0035236081747709656,0.006257822277847309,0.9545142071494043
qwen,appod,H24,24,safe,24996,0.801763489524404,0.8221315410465675,0.8118197799593102,0.7271138863428047
qwen,appod,H24,24,potentially_unsafe,8497,0.4633907169317934,0.5005295986818877,0.48124469589816127,0.7373682401466545
qwen,appod,H24,24,unsafe,1419,0.02912621359223301,0.0021141649048625794,0.003942181340341656,0.956576535288726
qwen,appod,H26,26,safe,24996,0.8130918888932916,0.8209313490158425,0.8169928134891407,0.7366807974335472
qwen,appod,H26,26,potentially_unsafe,8497,0.4737506575486586,0.5299517476756502,0.5002777469170091,0.7423235563703025
qwen,appod,H26,26,unsafe,1419,0.03529411764705882,0.004228329809725159,0.007551919446192574,0.9548292850595783
qwen,appod,H28,28,safe,24996,0.8113609467455621,0.8228516562650025,0.8170659039447027,0.7361938588450962
qwen,appod,H28,28,potentially_unsafe,8497,0.46964993041430253,0.5162998705425444,0.4918712860186119,0.7403758020164987
qwen,appod,H28,28,unsafe,1419,0.06787330316742081,0.010570824524312896,0.018292682926829267,0.953884051329056
qwen,appod,H30,30,safe,24996,0.8010677369277952,0.8464154264682349,0.8231174742739316,0.739545142071494
qwen,appod,H30,30,potentially_unsafe,8497,0.4875903614457831,0.4762857479110274,0.48187176281478833,0.7507160861594867
qwen,appod,H30,30,unsafe,1419,0.04975124378109453,0.007047216349541931,0.01234567901234568,0.9541704857928506
qwen,appod,H32,32,safe,24996,0.8105824981760934,0.8445351256200992,0.827210564470307,0.7473934463794684
qwen,appod,H32,32,potentially_unsafe,8497,0.49779275092936803,0.5042956337530893,0.501023092662964,0.7555281851512374
qwen,appod,H32,32,unsafe,1419,0.05747126436781609,0.010570824524312896,0.017857142857142856,0.9527383134738772
internvl,appfr,H02,2,safe,24996,0.8150596877869605,0.710193630980957,0.759021720540448,0.6771310724106324
internvl,appfr,H02,2,potentially_unsafe,8497,0.4056503198294243,0.6269271507590914,0.4925794072772666,0.6856381759853346
internvl,appfr,H02,2,unsafe,1419,0.0,0.0,0.0,0.9593549495875344
internvl,appfr,H04,4,safe,24996,0.7975794653544355,0.7197551608257321,0.7566715033751814,0.6685666819431714
internvl,appfr,H04,4,potentially_unsafe,8497,0.4008093889113719,0.5827939272684477,0.4749664300786495,0.6864115490375802
internvl,appfr,H04,4,unsafe,1419,0.0,0.0,0.0,0.9593549495875344
internvl,appfr,H06,6,safe,24996,0.8384543761638734,0.5043606977116338,0.6298461231015188,0.5755614115490376
internvl,appfr,H06,6,potentially_unsafe,8497,0.3192795331052526,0.7468518300576674,0.44732668381912377,0.5508421173235564
internvl,appfr,H06,6,unsafe,1419,0.0,0.0,0.0,0.9593549495875344
internvl,appfr,H08,8,safe,24996,0.8328283153890788,0.5168026884301489,0.6378156861776977,0.5797719981668195
internvl,appfr,H08,8,potentially_unsafe,8497,0.3172863126325043,0.7221372249029069,0.44086794079609143,0.5541934005499541
internvl,appfr,H08,8,unsafe,1419,0.0,0.0,0.0,0.9575790559120073
internvl,appfr,H10,10,safe,24996,0.918106686701728,0.39110257641222596,0.5485355178992256,0.5390696608615949
internvl,appfr,H10,10,potentially_unsafe,8497,0.3186613913616881,0.9099682240790867,0.47202466347181105,0.5045543079743354
internvl,appfr,H10,10,unsafe,1419,0.0,0.0,0.0,0.9593549495875344
internvl,appfr,H12,12,safe,24996,0.8493244790474009,0.44515122419587133,0.584140483502638,0.5462018790100825
internvl,appfr,H12,12,potentially_unsafe,8497,0.3068635092384577,0.7876897728610097,0.44166556684703706,0.5152956003666361
internvl,appfr,H12,12,unsafe,1419,0.0,0.0,0.0,0.9593549495875344
internvl,appfr,H14,14,safe,24996,0.8155782999375331,0.6790286445831333,0.7410657759731046,0.6602600824931256
internvl,appfr,H14,14,potentially_unsafe,8497,0.37068293028863203,0.6151582911615865,0.4626073103814497,0.652153987167736
internvl,appfr,H14,14,unsafe,1419,0.0,0.0,0.0,0.9593549495875344
internvl,appfr,H16,16,safe,24996,0.8129375659345929,0.67822851656265,0.7394983642311886,0.6578826764436297
internvl,appfr,H16,16,potentially_unsafe,8497,0.37089201877934275,0.6136283394139108,0.4623365107514964,0.6526409257561869
internvl,appfr,H16,16,unsafe,1419,0.0,0.0,0.0,0.9593549495875344
internvl,appfr,H18,18,safe,24996,0.8536524140239311,0.4081453032485198,0.5522505210165914,0.5261514665444547
internvl,appfr,H18,18,potentially_unsafe,8497,0.29863681895387834,0.806990702600918,0.43594634115328373,0.4917506874427131
internvl,appfr,H18,18,unsafe,1419,0.0,0.0,0.0,0.9593549495875344
internvl,appfr,H20,20,safe,24996,0.8460752099306316,0.46355416866698673,0.5989506603602904,0.5555396425297892
internvl,appfr,H20,20,potentially_unsafe,8497,0.3091388980534477,0.7719195010003531,0.44147539880191156,0.5246333638863429
internvl,appfr,H20,20,unsafe,1419,0.0,0.0,0.0,0.9593549495875344
internvl,appfr,H22,22,safe,24996,0.8712854896117871,0.42110737718034885,0.5677913531299729,0.5409887717690193
internvl,appfr,H22,22,potentially_unsafe,8497,0.3085716788576935,0.8291161586442274,0.4497574055158325,0.5062442713107241
internvl,appfr,H22,22,unsafe,1419,0.0,0.0,0.0,0.9593549495875344
internvl,appfr,H24,24,safe,24996,0.8324051776038531,0.4425108017282765,0.5778393062375927,0.537064619615032
internvl,appfr,H24,24,potentially_unsafe,8497,0.29749352571217164,0.7570907379074968,0.42714385312572617,0.5057573327222732
internvl,appfr,H24,24,unsafe,1419,0.0,0.0,0.0,0.9593549495875344
internvl,appfr,H26,26,safe,24996,0.8378257298588815,0.44891182589214274,0.5845945453124592,0.5432229605866178
internvl,appfr,H26,26,potentially_unsafe,8497,0.30079940509388364,0.7616805931505237,0.43127977876253626,0.5110850137488543
internvl,appfr,H26,26,unsafe,1419,0.3333333333333333,0.0007047216349541931,0.0014064697609001407,0.9593263061411549
internvl,appfr,H28,28,safe,24996,0.8322602507624534,0.4912786045767323,0.6178460919222158,0.5648774060494959
internvl,appfr,H28,28,potentially_unsafe,8497,0.30918833101805915,0.7334353301165117,0.4349980804802289,0.5362912465627865
internvl,appfr,H28,28,unsafe,1419,0.0,0.0,0.0,0.9593263061411549
internvl,appfr,H30,30,safe,24996,0.8546025851603228,0.47875660105616896,0.6137080437959948,0.5684864802933088
internvl,appfr,H30,30,potentially_unsafe,8497,0.3142788806505621,0.7732140755560786,0.44690837358002855,0.5342002749770852
internvl,appfr,H30,30,unsafe,1419,0.0,0.0,0.0,0.9592403758020165
internvl,appfr,H32,32,safe,24996,0.841156914893617,0.5061209793566971,0.6319812169047857,0.5779674610449129
internvl,appfr,H32,32,potentially_unsafe,8497,0.31497886047916246,0.736495233611863,0.44124801692226334,0.5460300183318056
internvl,appfr,H32,32,unsafe,1419,0.0,0.0,0.0,0.9592403758020165
internvl,appod,H02,2,safe,24996,0.7977071391349662,0.6124179868779005,0.6928891504096321,0.6113084326306141
internvl,appod,H02,2,potentially_unsafe,8497,0.34444797963728924,0.6370483700129458,0.44713365273418143,0.6165788267644363
internvl,appod,H02,2,unsafe,1419,0.0,0.0,0.0,0.9591544454628781
internvl,appod,H04,4,safe,24996,0.8169625466080472,0.5872939670347256,0.6833469102758059,0.6103059120073328
internvl,appod,H04,4,potentially_unsafe,8497,0.3463538588819289,0.6897728610097682,0.46115110743931714,0.6076707149404217
internvl,appod,H04,4,unsafe,1419,0.0,0.0,0.0,0.9587534372135655
internvl,appod,H06,6,safe,24996,0.8388906201308819,0.43078892622819653,0.5692535419750476,0.5332263978001833
internvl,appod,H06,6,potentially_unsafe,8497,0.3077341554084686,0.7988701894786395,0.4443135329733268,0.5136629239230064
internvl,appod,H06,6,unsafe,1419,0.0,0.0,0.0,0.9588393675527039
internvl,appod,H08,8,safe,24996,0.8413755287482375,0.4297087534005441,0.568878767014459,0.5336846929422548
internvl,appod,H08,8,potentially_unsafe,8497,0.30565355042966985,0.795339531599388,0.44159832718005687,0.510454857928506
internvl,appod,H08,8,unsafe,1419,0.027777777777777776,0.0007047216349541931,0.0013745704467353953,0.9583810724106324
internvl,appod,H10,10,safe,24996,0.80866683991684,0.49795967354776766,0.6163711993661484,0.556198441796517
internvl,appod,H10,10,potentially_unsafe,8497,0.3087330873308733,0.7089561021537013,0.43014745260452,0.5428219523373052
internvl,appod,H10,10,unsafe,1419,0.0,0.0,0.0,0.9591258020164987
internvl,appod,H12,12,safe,24996,0.8051430408228866,0.5010401664266283,0.6176913023106706,0.5559406507791017
internvl,appod,H12,12,potentially_unsafe,8497,0.30369795707266617,0.6910674355654937,0.4219603334291463,0.5391842346471127
internvl,appod,H12,12,unsafe,1419,0.0,0.0,0.0,0.9587247937671861
internvl,appod,H14,14,safe,24996,0.8134935017863615,0.6285405664906385,0.7091561533774177,0.630871906507791
internvl,appod,H14,14,potentially_unsafe,8497,0.3607202788176068,0.6577615629045546,0.4659247217706641,0.6329915215398717
internvl,appod,H14,14,unsafe,1419,0.0,0.0,0.0,0.9563473877176902
internvl,appod,H16,16,safe,24996,0.8162434895833334,0.6018963034085454,0.6928709588284055,0.6179537121906508
internvl,appod,H16,16,potentially_unsafe,8497,0.34986209010113395,0.6717665058255855,0.460099951636305,0.6162923923006416
internvl,appod,H16,16,unsafe,1419,0.006060606060606061,0.0007047216349541931,0.0012626262626262627,0.9546860678276811
internvl,appod,H18,18,safe,24996,0.8099936346276257,0.5090814530324852,0.6252149560261386,0.5630155820348305
internvl,appod,H18,18,potentially_unsafe,8497,0.3059627523605822,0.6902436153936684,0.42398612014747344,0.5435380384967919
internvl,appod,H18,18,unsafe,1419,0.0,0.0,0.0,0.958409715857012
internvl,appod,H20,20,safe,24996,0.8223426482110211,0.5038806208993439,0.6248759674538599,0.5668538038496792
internvl,appod,H20,20,potentially_unsafe,8497,0.31142010019425415,0.7169589266800047,0.43422787697352,0.5452852887259395
internvl,appod,H20,20,unsafe,1419,0.029411764705882353,0.0007047216349541931,0.0013764624913971096,0.9584383593033914
internvl,appod,H22,22,safe,24996,0.8145699344833804,0.5421667466794687,0.6510220257968439,0.5838393675527039
internvl,appod,H22,22,potentially_unsafe,8497,0.31577791202152783,0.6767094268565376,0.43061484310641807,0.5644477543538039
internvl,appod,H22,22,unsafe,1419,0.0,0.0,0.0,0.9574644821264895
internvl,appod,H24,24,safe,24996,0.820192606399503,0.5281244999199872,0.6425251271567983,0.579256416131989
internvl,appod,H24,24,potentially_unsafe,8497,0.31440908363985287,0.694127339060845,0.43278544173759903,0.5571723189734189
internvl,appod,H24,24,unsafe,1419,0.0,0.0,0.0,0.9576936296975253
internvl,appod,H26,26,safe,24996,0.829400466456304,0.48371739478316533,0.6110577651993734,0.5591200733272227
internvl,appod,H26,26,potentially_unsafe,8497,0.3108895251258762,0.741202777450865,0.4380455572943836,0.5371505499541704
internvl,appod,H26,26,unsafe,1419,0.013157894736842105,0.0007047216349541931,0.0013377926421404682,0.9572353345554537
internvl,appod,H28,28,safe,24996,0.8348571833581402,0.47123539766362615,0.6024293568597366,0.5546803391384051
internvl,appod,H28,28,potentially_unsafe,8497,0.30885195206803245,0.7522655054725197,0.43791319836947207,0.5299896883593034
internvl,appod,H28,28,unsafe,1419,0.018691588785046728,0.0014094432699083862,0.002621231979030144,0.9564046746104491
internvl,appod,H30,30,safe,24996,0.847906830343091,0.5388462153944631,0.6589369144590397,0.6006244271310724
internvl,appod,H30,30,potentially_unsafe,8497,0.33635596794601436,0.7508532423208191,0.4645912980156563,0.5787981209899175
internvl,appod,H30,30,unsafe,1419,0.1016949152542373,0.004228329809725159,0.008119079837618403,0.9580087076076994
internvl,appod,H32,32,safe,24996,0.8530843614538179,0.5117618819011042,0.6397439423870371,0.5873338680109991
internvl,appod,H32,32,potentially_unsafe,8497,0.330695165599637,0.7720371895963282,0.4630479282840404,0.5642186067827681
internvl,appod,H32,32,unsafe,1419,0.075,0.004228329809725159,0.00800533689126084,0.9574071952337305
llava,appfr,H02,2,safe,24996,0.8119913047874223,0.64258281325012,0.717421890702816,0.6375744729605867
llava,appfr,H02,2,potentially_unsafe,8497,0.34895248166016785,0.6213957867482641,0.446927374301676,0.6256874427131073
llava,appfr,H02,2,unsafe,1419,0.0,0.0,0.0,0.9593549495875344
llava,appfr,H04,4,safe,24996,0.7695935414252029,0.7703632581212994,0.7699782074094808,0.6704571494042163
llava,appfr,H04,4,potentially_unsafe,8497,0.35557577595794154,0.4139107920442509,0.3825320861431368,0.6747823098075161
llava,appfr,H04,4,unsafe,1419,0.0,0.0,0.0,0.9593549495875344
llava,appfr,H06,6,safe,24996,0.7532158524797383,0.8105296847495599,0.7808224457548079,0.6742094408799266
llava,appfr,H06,6,potentially_unsafe,8497,0.3436486149238832,0.32411439331528774,0.3335957846284295,0.6848361594867094
llava,appfr,H06,6,unsafe,1419,0.0,0.0,0.0,0.9593549495875344
llava,appfr,H08,8,safe,24996,0.7414111300397501,0.8357337173947832,0.7857518994959753,0.6736938588450962
llava,appfr,H08,8,potentially_unsafe,8497,0.32007125890736343,0.25373661292220784,0.2830696514146918,0.6871849220898258
llava,appfr,H08,8,unsafe,1419,0.0,0.0,0.0,0.9593549495875344
llava,appfr,H10,10,safe,24996,0.7436928045935761,0.8290526484237478,0.7840562985944268,0.6730350595783685
llava,appfr,H10,10,potentially_unsafe,8497,0.32127146303391513,0.26644698128751326,0.29130211013896035,0.6844637946837764
llava,appfr,H10,10,unsafe,1419,0.0,0.0,0.0,0.9593549495875344
llava,appfr,H12,12,safe,24996,0.7485380116959064,0.7937269963194111,0.7704704763014311,0.6614058203483043
llava,appfr,H12,12,potentially_unsafe,8497,0.32865469251813967,0.3251735906790632,0.32690487458589684,0.6740948670944088
llava,appfr,H12,12,unsafe,1419,0.0,0.0,0.0,0.9593549495875344
llava,appfr,H14,14,safe,24996,0.7479882680303828,0.7958073291726676,0.7711572010079473,0.6618354720439963
llava,appfr,H14,14,potentially_unsafe,8497,0.33241163741283963,0.3254089678710133,0.3288730300327089,0.6767587076076994
llava,appfr,H14,14,unsafe,1419,0.0,0.0,0.0,0.9593549495875344
llava,appfr,H16,16,safe,24996,0.7372631279553454,0.8296127380380861,0.7807164505016658,0.6663324931255729
llava,appfr,H16,16,potentially_unsafe,8497,0.3386882829771555,0.27044839355066497,0.30074597565763644,0.6939161319890009
llava,appfr,H16,16,unsafe,1419,0.0,0.0,0.0,0.9593549495875344
llava,appfr,H18,18,safe,24996,0.7389747589336358,0.8339334293486957,0.7835877001729193,0.6701993583868011
llava,appfr,H18,18,potentially_unsafe,8497,0.34173627684964203,0.2696245733788396,0.3014275376619959,0.6958352428964253
llava,appfr,H18,18,unsafe,1419,0.0,0.0,0.0,0.9593549495875344
llava,appfr,H20,20,safe,24996,0.7408885054992452,0.8246519443110898,0.7805293649892082,0.6679651695692026
llava,appfr,H20,20,potentially_unsafe,8497,0.34400564174894216,0.287042485583147,0.3129531019439276,0.6932573327222732
llava,appfr,H20,20,unsafe,1419,0.0,0.0,0.0,0.9593549495875344
llava,appfr,H22,22,safe,24996,0.7366052445074416,0.8316130580892943,0.7812312086590499,0.6665329972502292
llava,appfr,H22,22,potentially_unsafe,8497,0.3342797369994023,0.26326938919618686,0.29455527026137335,0.6930854720439963
llava,appfr,H22,22,unsafe,1419,0.0,0.0,0.0,0.9593549495875344
llava,appfr,H24,24,safe,24996,0.7352603169075396,0.8446551448231717,0.7861704306380444,0.6710300183318056
llava,appfr,H24,24,potentially_unsafe,8497,0.32612554461836374,0.2378486524655761,0.2750782632366953,0.6948900091659028
llava,appfr,H24,24,unsafe,1419,0.0,0.0,0.0,0.9593549495875344
llava,appfr,H26,26,safe,24996,0.7335748792270531,0.8504960793726997,0.7877204683563065,0.6718033913840513
llava,appfr,H26,26,potentially_unsafe,8497,0.3167565745111261,0.22113687183711897,0.260447709473976,0.6943457836846929
llava,appfr,H26,26,unsafe,1419,0.0,0.0,0.0,0.9593549495875344
llava,appfr,H28,28,safe,24996,0.7348490059847286,0.854736757881261,0.7902718697984095,0.6751833180568286
llava,appfr,H28,28,potentially_unsafe,8497,0.31963001027749227,0.21960692008944332,0.26034182071852113,0.6962935380384968
llava,appfr,H28,28,unsafe,1419,0.0,0.0,0.0,0.9593549495875344
llava,appfr,H30,30,safe,24996,0.7337740178785491,0.8570971355416866,0.7906556197294854,0.6750401008249313
llava,appfr,H30,30,potentially_unsafe,8497,0.3303587051618548,0.22219606920089444,0.2656909653813679,0.701076993583868
llava,appfr,H30,30,unsafe,1419,0.0,0.0,0.0,0.9593549495875344
llava,appfr,H32,32,safe,24996,0.732353641528047,0.8612978076492239,0.7916092144209734,0.675326535288726
llava,appfr,H32,32,potentially_unsafe,8497,0.3278331822302811,0.21278098152289043,0.25806451612903225,0.7022227314390468
llava,appfr,H32,32,unsafe,1419,0.0,0.0,0.0,0.9593549495875344
llava,appod,H02,2,safe,24996,0.7573577501635056,0.6949111857897263,0.7247918883394879,0.6221642988084326
llava,appod,H02,2,potentially_unsafe,8497,0.30399933205310176,0.4285041779451571,0.35567060662303407,0.6221356553620532
llava,appod,H02,2,unsafe,1419,0.0,0.0,0.0,0.9593549495875344
llava,appod,H04,4,safe,24996,0.7478425757517124,0.7731236997919667,0.7602730294863979,0.6509223189734189
llava,appod,H04,4,potentially_unsafe,8497,0.32973211332818875,0.3520065905613746,0.3405054644808743,0.6681370302474794
llava,appod,H04,4,unsafe,1419,0.0,0.0,0.0,0.9593549495875344
llava,appod,H06,6,safe,24996,0.7457954545454546,0.7876860297647623,0.766168573429839,0.655763061411549
llava,appod,H06,6,potentially_unsafe,8497,0.3381109022556391,0.33870777921619394,0.3384090775471809,0.6776752978918423
llava,appod,H06,6,unsafe,1419,0.0,0.0,0.0,0.9593549495875344
llava,appod,H08,8,safe,24996,0.7361313337216074,0.8090494479116659,0.7708698635358694,0.6556484876260311
llava,appod,H08,8,potentially_unsafe,8497,0.3241935483870968,0.28386489349182065,0.30269184915605196,0.681685380384968
llava,appod,H08,8,unsafe,1419,0.0,0.0,0.0,0.9593549495875344
llava,appod,H10,10,safe,24996,0.7490273887332711,0.7702432389182269,0.7594871794871796,0.6507218148487626
llava,appod,H10,10,potentially_unsafe,8497,0.33774978279756734,0.36601153348240556,0.3513131883648687,0.6710300183318056
llava,appod,H10,10,unsafe,1419,0.0,0.0,0.0,0.9593549495875344
llava,appod,H12,12,safe,24996,0.7414821944177094,0.770523283725396,0.7557238429695317,0.6433604491292392
llava,appod,H12,12,potentially_unsafe,8497,0.3240461004811458,0.34082617394374487,0.3322243891246988,0.6665329972502292
llava,appod,H12,12,unsafe,1419,0.0,0.0,0.0,0.9593549495875344
llava,appod,H14,14,safe,24996,0.7460466941338042,0.7606417026724276,0.753273508844912,0.6432458753437214
llava,appod,H14,14,potentially_unsafe,8497,0.33128248647501857,0.3675414852300812,0.3484713233653203,0.6655018331805683
llava,appod,H14,14,unsafe,1419,0.0,0.0,0.0,0.9593549495875344
llava,appod,H16,16,safe,24996,0.7310071942446044,0.8130100816130581,0.769831047806652,0.6519248395967002
llava,appod,H16,16,potentially_unsafe,8497,0.31046119235095615,0.2598564199129104,0.2829137036325197,0.6793939046746105
llava,appod,H16,16,unsafe,1419,0.0,0.0,0.0,0.9593549495875344
llava,appod,H18,18,safe,24996,0.7409507859780002,0.778804608737398,0.759406268895434,0.6466830889092575
llava,appod,H18,18,potentially_unsafe,8497,0.32804722768838984,0.33352948099329177,0.330765639589169,0.6715169569202566
llava,appod,H18,18,unsafe,1419,0.0,0.0,0.0,0.9593549495875344
llava,appod,H20,20,safe,24996,0.7295927601809955,0.8063290126420227,0.7660439748389427,0.6473705316223648
llava,appod,H20,20,potentially_unsafe,8497,0.29984904624674075,0.2571495822054843,0.27686264571718194,0.6730637030247479
llava,appod,H20,20,unsafe,1419,0.0,0.0,0.0,0.9593549495875344
llava,appod,H22,22,safe,24996,0.7450476746448725,0.765882541206593,0.7553214574579313,0.6447353345554537
llava,appod,H22,22,potentially_unsafe,8497,0.3300423131170663,0.35800870895610215,0.3434571525347183,0.6668767186067828
llava,appod,H22,22,unsafe,1419,0.0,0.0,0.0,0.9593549495875344
llava,appod,H24,24,safe,24996,0.7313863216266174,0.791486637862058,0.7602505475925143,0.6425870760769936
llava,appod,H24,24,potentially_unsafe,8497,0.3001780717374714,0.27774508650111807,0.288526193532612,0.6666189275893676
llava,appod,H24,24,unsafe,1419,0.0,0.0,0.0,0.9593549495875344
llava,appod,H26,26,safe,24996,0.7270818247646633,0.8034085453672588,0.7633419492169683,0.6433318056828597
llava,appod,H26,26,potentially_unsafe,8497,0.290181020296215,0.24902906908320585,0.2680347077078979,0.6689676901924839
llava,appod,H26,26,unsafe,1419,0.0,0.0,0.0,0.9593549495875344
llava,appod,H28,28,safe,24996,0.7228843861740167,0.8249719955192831,0.7705616382048502,0.6482584784601283
llava,appod,H28,28,potentially_unsafe,8497,0.2759160663952396,0.20736730610803814,0.23678021904185984,0.6746390925756187
llava,appod,H28,28,unsafe,1419,0.0,0.0,0.0,0.9593549495875344
llava,appod,H30,30,safe,24996,0.724995602462621,0.8244519123059689,0.7715317946126056,0.6504067369385884
llava,appod,H30,30,potentially_unsafe,8497,0.2842608293510097,0.21701777097799224,0.2461292044847838,0.6764436296975253
llava,appod,H30,30,unsafe,1419,0.0,0.0,0.0,0.9593549495875344
llava,appod,H32,32,safe,24996,0.7276843467011643,0.8101296207393183,0.7666969559291231,0.6469981668194317
llava,appod,H32,32,potentially_unsafe,8497,0.29460756634669677,0.24561609979992938,0.26789037930813164,0.6732642071494043
llava,appod,H32,32,unsafe,1419,0.0,0.0,0.0,0.9593549495875344
