approach,history,history_frames,metric,friedman_holm_p,model_1,model_2,n_pairs,wilcoxon_statistic,raw_p,median_difference_model1_minus_model2,rank_biserial_model1_minus_model2,holm_p,significant,significant_better_model
appfr,H02,2,accuracy,0.0019498555228451035,qwen,internvl,25,38.0,0.0003764033317565918,0.0365111561866126,0.7661538461538462,0.0007528066635131836,True,qwen
appfr,H02,2,accuracy,0.0019498555228451035,qwen,llava,25,31.0,0.0001398921012878418,0.0937790157845868,0.8092307692307692,0.0004196763038635254,True,qwen
appfr,H02,2,accuracy,0.0019498555228451035,internvl,llava,25,78.0,0.021908342838287354,0.06128133704735372,0.52,0.021908342838287354,True,internvl
appfr,H02,2,macro_f1,0.03711605554825872,qwen,internvl,25,88.0,0.04512268304824829,0.01004278210200149,0.4584615384615385,0.09024536609649658,False,No difference
appfr,H02,2,macro_f1,0.03711605554825872,qwen,llava,25,68.0,0.00963503122329712,0.04062612700934021,0.5815384615384616,0.028905093669891357,True,qwen
appfr,H02,2,macro_f1,0.03711605554825872,internvl,llava,25,122.0,0.2872292995452881,0.02447510254729479,0.24923076923076923,0.2872292995452881,False,No difference
appfr,H04,4,accuracy,0.0004010647343741942,qwen,internvl,25,36.0,0.00028705596923828125,0.04947668886774492,0.7784615384615384,0.0007494091987609863,True,qwen
appfr,H04,4,accuracy,0.0004010647343741942,qwen,llava,25,35.0,0.0002498030662536621,0.0652482269503546,0.7846153846153846,0.0007494091987609863,True,qwen
appfr,H04,4,accuracy,0.0004010647343741942,internvl,llava,25,134.0,0.457846462726593,0.03978779840848812,0.1753846153846154,0.457846462726593,False,No difference
appfr,H06,6,accuracy,2.5038564285631144e-05,qwen,internvl,25,22.0,3.1948089599609375e-05,0.16432700247729154,0.8646153846153846,9.584426879882812e-05,True,qwen
appfr,H06,6,accuracy,2.5038564285631144e-05,qwen,llava,25,32.0,0.00016230344772338867,0.061046511627906974,0.803076923076923,0.00032460689544677734,True,qwen
appfr,H06,6,accuracy,2.5038564285631144e-05,internvl,llava,25,49.0,0.0014527440071105957,-0.11575562700964631,-0.6984615384615385,0.0014527440071105957,True,llava
appfr,H06,6,macro_f1,0.02143403022255201,qwen,internvl,25,61.0,0.0050716400146484375,0.04476336482200713,0.6246153846153846,0.010143280029296875,True,qwen
appfr,H06,6,macro_f1,0.02143403022255201,qwen,llava,25,162.0,1.0,-0.007808382599488656,0.003076923076923077,1.0,False,No difference
appfr,H06,6,macro_f1,0.02143403022255201,internvl,llava,25,49.0,0.0014527440071105957,-0.029146775366669264,-0.6984615384615385,0.004358232021331787,True,llava
appfr,H08,8,accuracy,3.287574445631297e-05,qwen,internvl,25,22.0,3.1948089599609375e-05,0.18249380677126348,0.8646153846153846,9.584426879882812e-05,True,qwen
appfr,H08,8,accuracy,3.287574445631297e-05,qwen,llava,25,38.0,0.0003764033317565918,0.05617455896007428,0.7661538461538462,0.0007528066635131836,True,qwen
appfr,H08,8,accuracy,3.287574445631297e-05,internvl,llava,25,48.0,0.0012963414192199707,-0.11446945337620573,-0.7046153846153846,0.0012963414192199707,True,llava
appfr,H08,8,macro_f1,0.03109954507971247,qwen,internvl,25,63.0,0.006129205226898193,0.06188718423675449,0.6123076923076923,0.012258410453796387,True,qwen
appfr,H08,8,macro_f1,0.03109954507971247,qwen,llava,25,157.0,0.8948604464530945,-1.0105169136354064e-05,-0.033846153846153845,0.8948604464530945,False,No difference
appfr,H08,8,macro_f1,0.03109954507971247,internvl,llava,25,56.0,0.0030878782272338867,-0.03025633273403916,-0.6553846153846153,0.00926363468170166,True,llava
appfr,H10,10,accuracy,0.00028857311067605424,qwen,internvl,25,20.0,2.2113323211669922e-05,0.2514934289127837,0.8769230769230769,6.633996963500977e-05,True,qwen
appfr,H10,10,accuracy,0.00028857311067605424,qwen,llava,25,34.0,0.00021690130233764648,0.06130903065451532,0.7907692307692308,0.00043380260467529297,True,qwen
appfr,H10,10,accuracy,0.00028857311067605424,internvl,llava,25,45.0,0.0009118914604187012,-0.18992568125516107,-0.7230769230769231,0.0009118914604187012,True,llava
appfr,H10,10,macro_f1,0.013911344195314803,qwen,internvl,25,48.0,0.0012963414192199707,0.07054649199742177,0.7046153846153846,0.0025926828384399414,True,qwen
appfr,H10,10,macro_f1,0.013911344195314803,qwen,llava,25,152.0,0.7914759516716003,0.0010416977809443173,-0.06461538461538462,0.7914759516716003,False,No difference
appfr,H10,10,macro_f1,0.013911344195314803,internvl,llava,25,35.0,0.0002498030662536621,-0.06050003872845633,-0.7846153846153846,0.0007494091987609863,True,llava
appfr,H12,12,accuracy,2.5038564285631144e-05,qwen,internvl,25,20.0,2.2113323211669922e-05,0.19900908340214696,0.8769230769230769,6.633996963500977e-05,True,qwen
appfr,H12,12,accuracy,2.5038564285631144e-05,qwen,llava,25,27.0,7.49826431274414e-05,0.0705663881151346,0.8338461538461538,0.0001499652862548828,True,qwen
appfr,H12,12,accuracy,2.5038564285631144e-05,internvl,llava,25,43.0,0.0007149577140808105,-0.1339165545087483,-0.7353846153846154,0.0007149577140808105,True,llava
appfr,H12,12,macro_f1,0.006657909058543116,qwen,internvl,25,49.0,0.0014527440071105957,0.07537596753929968,0.6984615384615385,0.0029054880142211914,True,qwen
appfr,H12,12,macro_f1,0.006657909058543116,qwen,llava,25,153.0,0.8119303584098816,0.0003209178843963101,0.05846153846153846,0.8119303584098816,False,No difference
appfr,H12,12,macro_f1,0.006657909058543116,internvl,llava,25,35.0,0.0002498030662536621,-0.05416408442927567,-0.7846153846153846,0.0007494091987609863,True,llava
appfr,H14,14,accuracy,0.0004010647343741942,qwen,internvl,25,28.0,8.803606033325195e-05,0.07683000604960677,0.8276923076923077,0.0001760721206665039,True,qwen
appfr,H14,14,accuracy,0.0004010647343741942,qwen,llava,25,20.0,2.2113323211669922e-05,0.06669428334714167,0.8769230769230769,6.633996963500977e-05,True,qwen
appfr,H14,14,accuracy,0.0004010647343741942,internvl,llava,25,147.0,0.6915188431739807,0.020715630885122405,0.09538461538461539,0.6915188431739807,False,No difference
appfr,H16,16,accuracy,0.00028857311067605424,qwen,internvl,25,30.0,0.00012022256851196289,0.05423406279733589,0.8153846153846154,0.000308990478515625,True,qwen
appfr,H16,16,accuracy,0.00028857311067605424,qwen,llava,25,29.0,0.000102996826171875,0.05994291151284492,0.8215384615384616,0.000308990478515625,True,qwen
appfr,H16,16,accuracy,0.00028857311067605424,internvl,llava,25,142.0,0.5964998602867126,-0.008510638297872353,-0.12615384615384614,0.5964998602867126,False,No difference
appfr,H18,18,accuracy,1.008893770585387e-05,qwen,internvl,25,17.0,1.233816146850586e-05,0.23418573351278604,0.8953846153846153,2.467632293701172e-05,True,qwen
appfr,H18,18,accuracy,1.008893770585387e-05,qwen,llava,25,12.0,4.172325134277344e-06,0.05343827671913837,0.9261538461538461,1.2516975402832031e-05,True,qwen
appfr,H18,18,accuracy,1.008893770585387e-05,internvl,llava,25,33.0,0.0008292057593073193,-0.17506193228736577,-0.78,0.0008292057593073193,True,llava
appfr,H18,18,macro_f1,0.013911344195314803,qwen,internvl,25,49.0,0.0014527440071105957,0.06735394061081945,0.6984615384615385,0.0029054880142211914,True,qwen
appfr,H18,18,macro_f1,0.013911344195314803,qwen,llava,25,147.0,0.6915188431739807,-0.005754359744172988,-0.09538461538461539,0.6915188431739807,False,No difference
appfr,H18,18,macro_f1,0.013911344195314803,internvl,llava,25,37.0,0.00032907724380493164,-0.07270776612420549,-0.7723076923076924,0.000987231731414795,True,llava
appfr,H20,20,accuracy,7.59962785924083e-06,qwen,internvl,25,16.0,1.0073184967041016e-05,0.22213047068538394,0.9015384615384615,2.014636993408203e-05,True,qwen
appfr,H20,20,accuracy,7.59962785924083e-06,qwen,llava,25,13.0,5.245208740234375e-06,0.060066280033140074,0.92,1.5735626220703125e-05,True,qwen
appfr,H20,20,accuracy,7.59962785924083e-06,internvl,llava,25,40.0,0.0004894733428955078,-0.1386271870794078,-0.7538461538461538,0.0004894733428955078,True,llava
appfr,H20,20,macro_f1,0.006298704650481228,qwen,internvl,25,52.0,0.002025127410888672,0.05748253072429721,0.68,0.004358232021331787,True,qwen
appfr,H20,20,macro_f1,0.006298704650481228,qwen,llava,25,145.0,0.6528410911560059,-0.0057076142790735696,-0.1076923076923077,0.6528410911560059,False,No difference
appfr,H20,20,macro_f1,0.006298704650481228,internvl,llava,25,49.0,0.0014527440071105957,-0.06244792830615925,-0.6984615384615385,0.004358232021331787,True,llava
appfr,H22,22,accuracy,5.922955795220926e-05,qwen,internvl,25,20.0,2.2113323211669922e-05,0.25100942126514136,0.8769230769230769,4.4226646423339844e-05,True,qwen
appfr,H22,22,accuracy,5.922955795220926e-05,qwen,llava,25,9.0,1.9669532775878906e-06,0.06089478044739027,0.9446153846153846,5.900859832763672e-06,True,qwen
appfr,H22,22,accuracy,5.922955795220926e-05,internvl,llava,25,45.0,0.0009118914604187012,-0.16350123864574734,-0.7230769230769231,0.0009118914604187012,True,llava
appfr,H22,22,macro_f1,0.02143403022255201,qwen,internvl,25,53.0,0.002255260944366455,0.07480647363152035,0.6738461538461539,0.00451052188873291,True,qwen
appfr,H22,22,macro_f1,0.02143403022255201,qwen,llava,25,155.0,0.8531995415687561,-0.004180604875542504,-0.046153846153846156,0.8531995415687561,False,No difference
appfr,H22,22,macro_f1,0.02143403022255201,internvl,llava,25,48.0,0.0012963414192199707,-0.0706578444216669,-0.7046153846153846,0.003889024257659912,True,llava
appfr,H24,24,accuracy,1.5403086132849725e-05,qwen,internvl,25,18.0,1.5079975128173828e-05,0.20861372812920587,0.8892307692307693,3.0159950256347656e-05,True,qwen
appfr,H24,24,accuracy,1.5403086132849725e-05,qwen,llava,25,8.0,1.4901161193847656e-06,0.060450160771704176,0.9507692307692308,4.470348358154297e-06,True,qwen
appfr,H24,24,accuracy,1.5403086132849725e-05,internvl,llava,25,42.0,0.0006313323974609375,-0.17341040462427748,-0.7415384615384616,0.0006313323974609375,True,llava
appfr,H24,24,macro_f1,0.02143403022255201,qwen,internvl,25,49.0,0.0014527440071105957,0.07286890549805222,0.6984615384615385,0.0029054880142211914,True,qwen
appfr,H24,24,macro_f1,0.02143403022255201,qwen,llava,25,157.0,0.8948604464530945,-0.003941523918707224,-0.033846153846153845,0.8948604464530945,False,No difference
appfr,H24,24,macro_f1,0.02143403022255201,internvl,llava,25,42.0,0.0006313323974609375,-0.06647051266072879,-0.7415384615384616,0.0018939971923828125,True,llava
appfr,H26,26,accuracy,2.5038564285631144e-05,qwen,internvl,25,15.0,8.165836334228516e-06,0.23864574731626753,0.9076923076923077,2.4497509002685547e-05,True,qwen
appfr,H26,26,accuracy,2.5038564285631144e-05,qwen,llava,25,19.0,1.8298625946044922e-05,0.05468102734051372,0.8830769230769231,3.6597251892089844e-05,True,qwen
appfr,H26,26,accuracy,2.5038564285631144e-05,internvl,llava,25,42.0,0.0006313323974609375,-0.1413189771197847,-0.7415384615384616,0.0006313323974609375,True,llava
appfr,H26,26,macro_f1,0.019498555228451037,qwen,internvl,25,56.0,0.0030878782272338867,0.07327632429003206,0.6553846153846153,0.0061757564544677734,True,qwen
appfr,H26,26,macro_f1,0.019498555228451037,qwen,llava,25,159.0,0.936802864074707,-0.004805660638605824,-0.021538461538461538,0.936802864074707,False,No difference
appfr,H26,26,macro_f1,0.019498555228451037,internvl,llava,25,44.0,0.0008081197738647461,-0.07674681067503494,-0.7292307692307692,0.0024243593215942383,True,llava
appfr,H28,28,accuracy,1.5403086132849725e-05,qwen,internvl,25,18.0,1.5079975128173828e-05,0.2114695340501792,0.8892307692307693,4.5239925384521484e-05,True,qwen
appfr,H28,28,accuracy,1.5403086132849725e-05,qwen,llava,25,30.0,0.00012022256851196289,0.05233111322549944,0.8153846153846154,0.00024044513702392578,True,qwen
appfr,H28,28,accuracy,1.5403086132849725e-05,internvl,llava,25,45.0,0.0009118914604187012,-0.12314939434724093,-0.7230769230769231,0.0009118914604187012,True,llava
appfr,H28,28,macro_f1,0.02143403022255201,qwen,internvl,25,55.0,0.0027848482131958008,0.06638025675649989,0.6615384615384615,0.0055696964263916016,True,qwen
appfr,H28,28,macro_f1,0.02143403022255201,qwen,llava,25,160.0,0.9578450322151184,-0.005641424568313291,-0.015384615384615385,0.9578450322151184,False,No difference
appfr,H28,28,macro_f1,0.02143403022255201,internvl,llava,25,44.0,0.0008081197738647461,-0.06374566082360883,-0.7292307692307692,0.0024243593215942383,True,llava
appfr,H30,30,accuracy,5.922955795220926e-05,qwen,internvl,25,23.0,3.814697265625e-05,0.18152274837511606,0.8584615384615385,0.00011444091796875,True,qwen
appfr,H30,30,accuracy,5.922955795220926e-05,qwen,llava,25,29.0,0.000102996826171875,0.049792531120331995,0.8215384615384616,0.00020599365234375,True,qwen
appfr,H30,30,accuracy,5.922955795220926e-05,internvl,llava,25,43.0,0.0007149577140808105,-0.148721399730821,-0.7353846153846154,0.0007149577140808105,True,llava
appfr,H30,30,macro_f1,0.006657909058543116,qwen,internvl,25,50.0,0.001625359058380127,0.0602046993749526,0.6923076923076923,0.003250718116760254,True,qwen
appfr,H30,30,macro_f1,0.006657909058543116,qwen,llava,25,159.0,0.936802864074707,-0.0018161281867443146,-0.021538461538461538,0.936802864074707,False,No difference
appfr,H30,30,macro_f1,0.006657909058543116,internvl,llava,25,41.0,0.0005564093589782715,-0.0687061113753677,-0.7476923076923077,0.0016692280769348145,True,llava
appfr,H32,32,accuracy,3.7149566405575063e-05,qwen,internvl,25,22.0,3.1948089599609375e-05,0.16734279918864103,0.8646153846153846,9.584426879882812e-05,True,qwen
appfr,H32,32,accuracy,3.7149566405575063e-05,qwen,llava,25,34.0,0.00021690130233764648,0.05302402651201332,0.7907692307692308,0.00043380260467529297,True,qwen
appfr,H32,32,accuracy,3.7149566405575063e-05,internvl,llava,25,45.0,0.0009118914604187012,-0.13277623026926644,-0.7230769230769231,0.0009118914604187012,True,llava
appfr,H32,32,macro_f1,0.013911344195314803,qwen,internvl,25,57.0,0.003419220447540283,0.04668625354910649,0.6492307692307693,0.006838440895080566,True,qwen
appfr,H32,32,macro_f1,0.013911344195314803,qwen,llava,25,156.0,0.8739878535270691,0.0020994612423542724,0.04,0.8739878535270691,False,No difference
appfr,H32,32,macro_f1,0.013911344195314803,internvl,llava,25,37.0,0.00032907724380493164,-0.05584750582585718,-0.7723076923076924,0.000987231731414795,True,llava
appod,H02,2,accuracy,0.00018092736474249456,qwen,internvl,25,40.0,0.0004894733428955078,0.11977715877437334,0.7538461538461538,0.0009789466857910156,True,qwen
appod,H02,2,accuracy,0.00018092736474249456,qwen,llava,25,30.0,0.00012022256851196289,0.049707602339181256,0.8153846153846154,0.00036066770553588867,True,qwen
appod,H02,2,accuracy,0.00018092736474249456,internvl,llava,25,161.0,0.978915274143219,-0.0020188425302827273,-0.009230769230769232,0.978915274143219,False,No difference
appod,H02,2,macro_f1,0.0019444513525333181,qwen,internvl,25,21.0,2.664327621459961e-05,0.05792885069054615,0.8707692307692307,7.992982864379883e-05,True,qwen
appod,H02,2,macro_f1,0.0019444513525333181,qwen,llava,25,45.0,0.0009118914604187012,0.02221735029350469,0.7230769230769231,0.0018237829208374023,True,qwen
appod,H02,2,macro_f1,0.0019444513525333181,internvl,llava,25,126.0,0.33878785371780396,-0.01355240302025329,-0.2246153846153846,0.33878785371780396,False,No difference
appod,H04,4,accuracy,0.0014346235202186137,qwen,internvl,25,45.0,0.0009118914604187012,0.08187134502923976,0.7230769230769231,0.0027356743812561035,True,qwen
appod,H04,4,accuracy,0.0014346235202186137,qwen,llava,25,106.0,0.13364005088806152,0.025572005383580065,0.3476923076923077,0.13364005088806152,False,No difference
appod,H04,4,accuracy,0.0014346235202186137,internvl,llava,25,81.0,0.02747941017150879,-0.04385964912280704,-0.5015384615384615,0.05495882034301758,False,No difference
appod,H04,4,macro_f1,0.009453334795333413,qwen,internvl,25,31.0,0.0001398921012878418,0.04200246694473031,0.8092307692307692,0.0004196763038635254,True,qwen
appod,H04,4,macro_f1,0.009453334795333413,qwen,llava,25,90.0,0.05157625675201416,0.017296165788229234,0.4461538461538462,0.10315251350402832,False,No difference
appod,H04,4,macro_f1,0.009453334795333413,internvl,llava,25,100.0,0.09573346376419067,-0.01562354638359753,-0.38461538461538464,0.10315251350402832,False,No difference
appod,H06,6,accuracy,1.8938358653926486e-06,qwen,internvl,25,15.0,8.165836334228516e-06,0.2108721624850658,0.9076923076923077,2.4497509002685547e-05,True,qwen
appod,H06,6,accuracy,1.8938358653926486e-06,qwen,llava,25,27.0,0.0004409382679493639,0.04281636536631783,0.82,0.0004409382679493639,True,qwen
appod,H06,6,accuracy,1.8938358653926486e-06,internvl,llava,25,31.0,0.0001398921012878418,-0.12474645030425963,-0.8092307692307692,0.0002797842025756836,True,llava
appod,H06,6,macro_f1,1.384742479829413e-05,qwen,internvl,25,6.0,8.344650268554688e-07,0.08959867088958517,0.963076923076923,2.5033950805664062e-06,True,qwen
appod,H06,6,macro_f1,1.384742479829413e-05,qwen,llava,25,61.0,0.0050716400146484375,0.0293015985248386,0.6246153846153846,0.0050716400146484375,True,qwen
appod,H06,6,macro_f1,1.384742479829413e-05,internvl,llava,25,15.0,8.165836334228516e-06,-0.07349253746568712,-0.9076923076923077,1.633167266845703e-05,True,llava
appod,H08,8,accuracy,8.033021704189674e-06,qwen,internvl,25,15.0,8.165836334228516e-06,0.2168458781362007,0.9076923076923077,2.4497509002685547e-05,True,qwen
appod,H08,8,accuracy,8.033021704189674e-06,qwen,llava,25,69.0,0.010510802268981934,0.04567078972407235,0.5753846153846154,0.010510802268981934,True,qwen
appod,H08,8,accuracy,8.033021704189674e-06,internvl,llava,25,33.0,0.00018787384033203125,-0.13377192982456138,-0.796923076923077,0.0003757476806640625,True,llava
appod,H08,8,macro_f1,2.0380282464374845e-05,qwen,internvl,25,5.0,5.960464477539062e-07,0.09011765829721691,0.9692307692307692,1.7881393432617188e-06,True,qwen
appod,H08,8,macro_f1,2.0380282464374845e-05,qwen,llava,25,79.0,0.023649930953979492,0.02457181338567177,0.5138461538461538,0.023649930953979492,True,qwen
appod,H08,8,macro_f1,2.0380282464374845e-05,internvl,llava,25,14.0,6.556510925292969e-06,-0.06996496970999244,-0.9138461538461539,1.3113021850585938e-05,True,llava
appod,H10,10,accuracy,1.5403086132849725e-05,qwen,internvl,25,19.0,1.8298625946044922e-05,0.18817204301075274,0.8830769230769231,5.4895877838134766e-05,True,qwen
appod,H10,10,accuracy,1.5403086132849725e-05,qwen,llava,25,25.0,5.3882598876953125e-05,0.03806870937790152,0.8461538461538461,0.00010776519775390625,True,qwen
appod,H10,10,accuracy,1.5403086132849725e-05,internvl,llava,25,42.0,0.0006313323974609375,-0.08114035087719296,-0.7415384615384616,0.0006313323974609375,True,llava
appod,H10,10,macro_f1,1.650330657091042e-05,qwen,internvl,25,25.0,5.3882598876953125e-05,0.08257108338182967,0.8461538461538461,0.00016164779663085938,True,qwen
appod,H10,10,macro_f1,1.650330657091042e-05,qwen,llava,25,56.0,0.0030878782272338867,0.03711806959630881,0.6553846153846153,0.0030878782272338867,True,qwen
appod,H10,10,macro_f1,1.650330657091042e-05,internvl,llava,25,41.0,0.0005564093589782715,-0.048087653430338606,-0.7476923076923077,0.001112818717956543,True,llava
appod,H12,12,accuracy,0.00018092736474249456,qwen,internvl,25,20.0,2.2113323211669922e-05,0.21027479091995216,0.8769230769230769,6.633996963500977e-05,True,qwen
appod,H12,12,accuracy,0.00018092736474249456,qwen,llava,25,40.0,0.0004894733428955078,0.052482269503546064,0.7538461538461538,0.0009789466857910156,True,qwen
appod,H12,12,accuracy,0.00018092736474249456,internvl,llava,25,43.0,0.0007149577140808105,-0.0767543859649123,-0.7353846153846154,0.0009789466857910156,True,llava
appod,H12,12,macro_f1,0.0007158036022229621,qwen,internvl,25,47.0,0.0011548399925231934,0.07750600633105414,0.7107692307692308,0.0024243593215942383,True,qwen
appod,H12,12,macro_f1,0.0007158036022229621,qwen,llava,25,73.0,0.014722049236297607,0.022829260679578856,0.5507692307692308,0.014722049236297607,True,qwen
appod,H12,12,macro_f1,0.0007158036022229621,internvl,llava,25,44.0,0.0008081197738647461,-0.04115521211836226,-0.7292307692307692,0.0024243593215942383,True,llava
appod,H14,14,accuracy,0.00018092736474249456,qwen,internvl,25,28.0,8.803606033325195e-05,0.10941960038058995,0.8276923076923077,0.0001760721206665039,True,qwen
appod,H14,14,accuracy,0.00018092736474249456,qwen,llava,25,17.0,1.233816146850586e-05,0.07040913415794481,0.8953846153846153,3.701448440551758e-05,True,qwen
appod,H14,14,accuracy,0.00018092736474249456,internvl,llava,25,160.0,0.9578450322151184,-0.028099173553718992,-0.015384615384615385,0.9578450322151184,False,No difference
appod,H14,14,macro_f1,0.009453334795333413,qwen,internvl,25,36.0,0.00028705596923828125,0.032341034156031984,0.7784615384615384,0.0008611679077148438,True,qwen
appod,H14,14,macro_f1,0.009453334795333413,qwen,llava,25,77.0,0.02027493715286255,0.029052941925344467,0.5261538461538462,0.0405498743057251,True,qwen
appod,H14,14,macro_f1,0.009453334795333413,internvl,llava,25,113.0,0.19081425666809082,-0.007486170295591343,-0.3046153846153846,0.19081425666809082,False,No difference
appod,H16,16,accuracy,0.0014346235202186137,qwen,internvl,25,30.0,0.00012022256851196289,0.11460446247464501,0.8153846153846154,0.00036066770553588867,True,qwen
appod,H16,16,accuracy,0.0014346235202186137,qwen,llava,25,51.0,0.0018156766891479492,0.051063829787234005,0.6861538461538461,0.0036313533782958984,True,qwen
appod,H16,16,accuracy,0.0014346235202186137,internvl,llava,25,99.0,0.09031611680984497,-0.0508038585209003,-0.39076923076923076,0.09031611680984497,False,No difference
appod,H16,16,macro_f1,0.0019444513525333181,qwen,internvl,25,41.0,0.0005564093589782715,0.04412703490191444,0.7476923076923077,0.0016692280769348145,True,qwen
appod,H16,16,macro_f1,0.0019444513525333181,qwen,llava,25,87.0,0.04215019941329956,0.02750745660703896,0.4646153846153846,0.08430039882659912,False,No difference
appod,H16,16,macro_f1,0.0019444513525333181,internvl,llava,25,89.0,0.04826241731643677,-0.01787944561270416,-0.4523076923076923,0.08430039882659912,False,No difference
appod,H18,18,accuracy,0.00010153638506093016,qwen,internvl,25,19.0,1.8298625946044922e-05,0.19980250164581959,0.8830769230769231,5.4895877838134766e-05,True,qwen
appod,H18,18,accuracy,0.00010153638506093016,qwen,llava,25,25.0,5.3882598876953125e-05,0.06382978723404253,0.8461538461538461,0.00010776519775390625,True,qwen
appod,H18,18,accuracy,0.00010153638506093016,internvl,llava,25,45.0,0.0009118914604187012,-0.06389452332657203,-0.7230769230769231,0.0009118914604187012,True,llava
appod,H18,18,macro_f1,0.0019444513525333181,qwen,internvl,25,46.0,0.0010271072387695312,0.053343306061144014,0.7169230769230769,0.0030813217163085938,True,qwen
appod,H18,18,macro_f1,0.0019444513525333181,qwen,llava,25,95.0,0.0709836483001709,0.016591893713758077,0.4153846153846154,0.0709836483001709,False,No difference
appod,H18,18,macro_f1,0.0019444513525333181,internvl,llava,25,60.0,0.004604637622833252,-0.027109632924088023,-0.6307692307692307,0.009209275245666504,True,llava
appod,H20,20,accuracy,0.00018092736474249456,qwen,internvl,25,17.0,0.00014469608785023995,0.19684002633311387,0.8866666666666667,0.0004340882635507199,True,qwen
appod,H20,20,accuracy,0.00018092736474249456,qwen,llava,25,61.0,0.0050716400146484375,0.04979811574697168,0.6246153846153846,0.0050716400146484375,True,qwen
appod,H20,20,accuracy,0.00018092736474249456,internvl,llava,25,44.0,0.0008081197738647461,-0.08980716253443527,-0.7292307692307692,0.0016162395477294922,True,llava
appod,H20,20,macro_f1,0.00046426704534125335,qwen,internvl,25,25.0,5.3882598876953125e-05,0.0697633331880883,0.8461538461538461,0.00016164779663085938,True,qwen
appod,H20,20,macro_f1,0.00046426704534125335,qwen,llava,25,78.0,0.021908342838287354,0.02183217142498889,0.52,0.021908342838287354,True,qwen
appod,H20,20,macro_f1,0.00046426704534125335,internvl,llava,25,56.0,0.0030878782272338867,-0.04468652664601547,-0.6553846153846153,0.0061757564544677734,True,llava
appod,H22,22,accuracy,0.00045311368245798807,qwen,internvl,25,26.0,6.365776062011719e-05,0.20013166556945355,0.84,0.00019097328186035156,True,qwen
appod,H22,22,accuracy,0.00045311368245798807,qwen,llava,25,37.0,0.00032907724380493164,0.061576354679802936,0.7723076923076924,0.0006581544876098633,True,qwen
appod,H22,22,accuracy,0.00045311368245798807,internvl,llava,25,65.0,0.015158438877439449,-0.0450928381962864,-0.5666666666666667,0.015158438877439449,True,llava
appod,H22,22,macro_f1,0.009453334795333413,qwen,internvl,25,66.0,0.00806879997253418,0.0410667897401189,0.5938461538461538,0.02420639991760254,True,qwen
appod,H22,22,macro_f1,0.009453334795333413,qwen,llava,25,112.0,0.18172985315322876,0.011582642687370692,0.31076923076923074,0.18172985315322876,False,No difference
appod,H22,22,macro_f1,0.009453334795333413,internvl,llava,25,96.0,0.07547956705093384,-0.020178486136643192,-0.40923076923076923,0.15095913410186768,False,No difference
appod,H24,24,accuracy,0.00010153638506093016,qwen,internvl,25,19.0,1.8298625946044922e-05,0.21461487820934827,0.8830769230769231,5.4895877838134766e-05,True,qwen
appod,H24,24,accuracy,0.00010153638506093016,qwen,llava,25,31.0,0.0001398921012878418,0.06773399014778325,0.8092307692307692,0.0002797842025756836,True,qwen
appod,H24,24,accuracy,0.00010153638506093016,internvl,llava,25,68.0,0.00963503122329712,-0.05652759084791381,-0.5815384615384616,0.00963503122329712,True,llava
appod,H24,24,macro_f1,0.00579614586952301,qwen,internvl,25,60.0,0.004604637622833252,0.043943165037407306,0.6307692307692307,0.013813912868499756,True,qwen
appod,H24,24,macro_f1,0.00579614586952301,qwen,llava,25,94.0,0.06670159101486206,0.020190928157993948,0.42153846153846153,0.1252528429031372,False,No difference
appod,H24,24,macro_f1,0.00579614586952301,internvl,llava,25,93.0,0.0626264214515686,-0.01799124252258405,-0.4276923076923077,0.1252528429031372,False,No difference
appod,H26,26,accuracy,0.00018092736474249456,qwen,internvl,25,18.0,1.5079975128173828e-05,0.20467836257309946,0.8892307692307693,4.5239925384521484e-05,True,qwen
appod,H26,26,accuracy,0.00018092736474249456,qwen,llava,25,36.0,0.00028705596923828125,0.06725146198830412,0.7784615384615384,0.0005741119384765625,True,qwen
appod,H26,26,accuracy,0.00018092736474249456,internvl,llava,25,43.0,0.0007149577140808105,-0.12698412698412698,-0.7353846153846154,0.0007149577140808105,True,llava
appod,H26,26,macro_f1,0.00046426704534125335,qwen,internvl,25,38.0,0.0003764033317565918,0.07004345781528792,0.7661538461538462,0.0011292099952697754,True,qwen
appod,H26,26,macro_f1,0.00046426704534125335,qwen,llava,25,72.0,0.013554692268371582,0.029559313814632948,0.556923076923077,0.027109384536743164,True,qwen
appod,H26,26,macro_f1,0.00046426704534125335,internvl,llava,25,73.0,0.014722049236297607,-0.032564644672267995,-0.5507692307692308,0.027109384536743164,True,llava
appod,H28,28,accuracy,0.00018092736474249456,qwen,internvl,25,20.0,2.2113323211669922e-05,0.19883040935672514,0.8769230769230769,6.633996963500977e-05,True,qwen
appod,H28,28,accuracy,0.00018092736474249456,qwen,llava,25,51.0,0.0018156766891479492,0.056201550387596944,0.6861538461538461,0.0018156766891479492,True,qwen
appod,H28,28,accuracy,0.00018092736474249456,internvl,llava,25,40.0,0.0004894733428955078,-0.14285714285714285,-0.7538461538461538,0.0009789466857910156,True,llava
appod,H28,28,macro_f1,0.0010945467733573622,qwen,internvl,25,35.0,0.0002498030662536621,0.06246281730993686,0.7846153846153846,0.0007494091987609863,True,qwen
appod,H28,28,macro_f1,0.0010945467733573622,qwen,llava,25,67.0,0.008822321891784668,0.03406445587685214,0.5876923076923077,0.017644643783569336,True,qwen
appod,H28,28,macro_f1,0.0010945467733573622,internvl,llava,25,69.0,0.010510802268981934,-0.040560644663069745,-0.5753846153846154,0.017644643783569336,True,llava
appod,H30,30,accuracy,0.00020475311147650672,qwen,internvl,25,26.0,6.365776062011719e-05,0.1842105263157895,0.84,0.00019097328186035156,True,qwen
appod,H30,30,accuracy,0.00020475311147650672,qwen,llava,25,30.0,0.00012022256851196289,0.0471063257065949,0.8153846153846154,0.00024044513702392578,True,qwen
appod,H30,30,accuracy,0.00020475311147650672,internvl,llava,25,68.0,0.00963503122329712,-0.09401709401709402,-0.5815384615384616,0.00963503122329712,True,llava
appod,H30,30,macro_f1,0.007799422091380414,qwen,internvl,25,51.0,0.0018156766891479492,0.06071287682510684,0.6861538461538461,0.005447030067443848,True,qwen
appod,H30,30,macro_f1,0.007799422091380414,qwen,llava,25,55.0,0.0027848482131958008,0.04286476213602186,0.6615384615384615,0.0055696964263916016,True,qwen
appod,H30,30,macro_f1,0.007799422091380414,internvl,llava,25,123.0,0.2996123433113098,-0.023125310249750564,-0.24307692307692308,0.2996123433113098,False,No difference
appod,H32,32,accuracy,3.185734590977396e-05,qwen,internvl,25,15.0,8.165836334228516e-06,0.19005847953216382,0.9076923076923077,2.4497509002685547e-05,True,qwen
appod,H32,32,accuracy,3.185734590977396e-05,qwen,llava,25,28.0,8.803606033325195e-05,0.06104651162790692,0.8276923076923077,0.0001760721206665039,True,qwen
appod,H32,32,accuracy,3.185734590977396e-05,internvl,llava,25,45.0,0.0026997960632601866,-0.08547008547008539,-0.7,0.0026997960632601866,True,llava
appod,H32,32,macro_f1,0.0019444513525333181,qwen,internvl,25,39.0,0.000429689884185791,0.0709674037468328,0.76,0.001289069652557373,True,qwen
appod,H32,32,macro_f1,0.0019444513525333181,qwen,llava,25,72.0,0.013554692268371582,0.03736413183189713,0.556923076923077,0.027109384536743164,True,qwen
appod,H32,32,macro_f1,0.0019444513525333181,internvl,llava,25,73.0,0.014722049236297607,-0.04105629259056531,-0.5507692307692308,0.027109384536743164,True,llava
